Raman Shift (cm-1),Fitted Intensity,Residual
171.300781,0.09858138485278986,-0.01883104282057403
173.222656,0.10556339814121381,-0.017391047481396235
175.146484,0.11304838343073752,-0.00022138705676980064
177.068359,0.12100309682853272,-0.02129078060957368
178.990234,0.12940205878372707,-0.005238293526809434
180.910156,0.13818699447895436,-0.003781819365579475
182.832031,0.14730933918017144,-0.01292655033555895
184.751953,0.15666659222573318,0.01322434654328708
186.671875,0.16616690732364933,0.008136967520266825
188.591797,0.17569373522700443,0.015142324601932766
190.511719,0.18511742626972919,0.02386784250857904
192.429688,0.19428954914577778,0.0272251479417977
194.347656,0.20307572336265078,0.0008671457009435668
196.265625,0.2113318481194997,0.02525894680922036
198.183594,0.21891935982627145,-0.011517745520903233
200.099609,0.22570460037198767,-0.01967861452833672
202.015625,0.23158586585618426,-0.008248425515034574
203.933594,0.23647994954920748,0.00026174923585600696
205.847656,0.2403122778067375,0.002645795545681201
207.763672,0.2430646237958406,-0.0183492670507161
209.677734,0.24473117351700133,0.006337423078609045
211.59375,0.2453467448859423,-0.006549435447231772
213.507812,0.24497174117668646,-0.003023977115048565
215.419922,0.24369814725944886,0.003008115391374272
217.333984,0.24163578716600564,0.0027953078726123404
219.246094,0.23891941583150414,-0.0046661232058063384
221.158203,0.23569021179874886,-0.014509291446006545
223.070312,0.2320973675898552,-0.0002518751011876541
224.982422,0.22829020312622283,-0.00942605778603453
226.892578,0.2244162843859402,0.0081542022468096
228.802734,0.22060408512508253,-0.001617655262397627
230.712891,0.21697063595887828,-0.002526195711463869
232.623047,0.21361435404740295,0.004469645799284577
234.533203,0.21061272285462962,0.019817197098197264
236.441406,0.2080234854159709,0.005875548103400574
238.349609,0.20587620414725913,0.009547786153243781
240.257812,0.20418205921224084,0.007092975421448211
242.166016,0.2029320137153588,-0.0174306408020877
244.072266,0.20209949972297958,-0.008360105257301631
245.980469,0.20163991909547024,0.01703161268141201
247.886719,0.2014984602757305,0.0019179042149982672
249.791016,0.20160853550420235,0.01573256114262392
251.697266,0.20189763065723154,0.006163620799752245
253.601562,0.20228828032903107,-0.004165478980642512
255.507812,0.20270276012029304,0.00027419819783425226
257.412109,0.20306273189209792,0.0028993087697196662
259.314453,0.20329420387651362,-0.0026441377559563717
261.21875,0.20332852929506728,-0.0034368903125694406
263.121094,0.20310332563837338,-0.01348977467541096
265.023438,0.20256452106403328,-0.020589087035253223
266.925781,0.20166695078977,0.0032987421667668992
268.828125,0.20037521329231653,0.005545700319832675
270.728516,0.19866606015128946,0.004941412116608562
272.628906,0.1965234812949077,-0.0014569656147349341
274.529297,0.19394267920584932,-0.008951763478612929
276.429688,0.19092855124408148,-0.0013647299676058933
278.330078,0.1874950555587202,-0.02569819223644032
280.228516,0.1836685080954467,0.020719857452548562
282.126953,0.17947493400900882,-0.011852023808028772
284.025391,0.17494977179333518,0.017236126341539537
285.923828,0.17013338238787754,0.015647710534053283
287.822266,0.16506979390354512,-0.008318144609681138
289.71875,0.15981098307364305,-0.004183712429937592
291.615234,0.1543994060949807,-0.014510224849159814
293.511719,0.14888269357627548,0.017490921941222926
295.40625,0.14331328324518786,0.010342050341094061
297.302734,0.13772444699818398,-0.010369069110603868
299.197266,0.13216972669553612,-0.010857149404514127
301.091797,0.1266820720004681,0.005717989528880335
302.986328,0.12129639609371273,0.005291366405793696
304.878906,0.11604883291813782,-0.0018846227126666643
306.773438,0.1109550158306991,0.0025108973039675853
308.666016,0.10604752888483361,0.02072013366532101
310.558594,0.1013388081441329,-0.005791448229523086
312.449219,0.09684705376826594,-0.001575975068801902
314.341797,0.09257282431723185,0.0020998920176078795
316.232422,0.08853131072078195,0.01570741625297488
318.123047,0.0847213552115885,0.01110031809287633
320.013672,0.0811439194528796,0.009255325195068526
321.904297,0.07779838265672162,0.009299963217001314
323.792969,0.07468702013602872,-0.004168695256978994
325.681641,0.0718081510656445,0.006651424991922589
327.570312,0.06917444063012616,0.006223424955210444
329.458984,0.06683943951310595,0.007094113675212316
331.347656,0.06507169392215204,-0.000987718454495981
333.234375,0.06612933533791925,0.00826751690474306
335.121094,0.07141124465699518,-0.00034303889791445497
337.007812,0.06150067631292625,-0.009164780533512162
338.894531,0.05733459456111827,0.004681223008817834
340.779297,0.0553335986181646,-0.01307306006728047
342.664062,0.053770935065380505,-0.013365040991374158
344.548828,0.052416032191977956,-0.0038467816066911076
346.433594,0.051207464677780576,0.01607607167294868
348.318359,0.050119395363293726,-0.0030552410964822738
350.201172,0.049138002728242966,0.0008855227178643302
352.085938,0.04825093085419055,-0.007887755606626204
353.96875,0.047451932050168,-0.017439871690262627
355.849609,0.046733991707007774,-0.004929667855402484
357.732422,0.046089787278734445,0.012451091139994569
359.613281,0.04551553574290079,-0.0002663154272098747
361.494141,0.04500599359630741,-0.017959300770531907
363.375,0.04455712172470765,-0.014958990923093642
365.255859,0.04416531891585644,-0.023780557141777098
367.134766,0.043827701007995844,-0.01171625141526534
369.015625,0.043540716019686065,-0.014105843578011062
370.894531,0.043302435360238485,-0.014948951949036931
372.773438,0.04311030673029383,-0.012479858502535243
374.650391,0.04296250284755216,-0.017260177955492086
376.529297,0.04285700611192076,-0.01907492718161455
378.40625,0.042792556240700365,-0.03976558911555626
380.283203,0.0427677544621154,-0.015922622750228342
382.160156,0.042781529637098664,-0.03121127640135679
384.035156,0.04283292117984231,-0.04283292117984231
385.912109,0.04292132138951423,-0.022222829692692375
387.787109,0.04304599511933758,-0.029312083727329328
389.662109,0.04320661913645594,-0.030608773439146267
391.537109,0.04340294540405841,-0.028225783469152596
393.410156,0.04363460872847303,-0.016164379151730815
395.283203,0.043901828804155586,-0.0210637260352304
397.15625,0.044204775085778636,-0.02899090712024626
399.029297,0.04454375110117696,-0.032356790941891846
400.902344,0.04491919387083479,-0.006789467442987709
402.773438,0.045331224742041674,-0.0010227825538509996
404.646484,0.04578140925783122,-0.004112796358468708
406.517578,0.04626965122353753,-0.0019343919617570773
408.388672,0.046797382184115124,-0.008445809510138763
410.257812,0.04736511431631629,-0.00809935186670023
412.128906,0.04797531145453116,0.010429031975160444
413.998047,0.04862813144905289,0.021323582994793193
415.867188,0.04932578450634826,0.002112649108625478
417.736328,0.050070039430467846,0.04372237444562583
419.603516,0.05086199647910878,0.026904085600332896
421.470703,0.051704552313197205,0.015345512965484392
423.339844,0.05260102917670539,0.03135910237103912
425.207031,0.05355214045065363,0.01722255414513866
427.072266,0.05456054440391509,0.03792229140956175
428.939453,0.05563146101777291,0.02331980687557502
430.804688,0.05676606254844048,0.0409038243262948
432.669922,0.05796918767764408,0.02351376091041992
434.535156,0.05924498003783898,0.0264378338701639
436.400391,0.060598031644898465,0.020956868494826517
438.263672,0.06203190372574188,0.043065073155144074
440.126953,0.06355367178753057,0.01826375489887444
441.990234,0.0651697463963572,0.025657963451891225
443.853516,0.06688738013157394,0.031006173844508697
445.716797,0.06871482016369115,0.013705314055589848
447.578125,0.07065939323657495,0.02114059008596511
449.439453,0.07273375451811427,0.02561173067025395
451.300781,0.07495034811924857,0.009517295001852985
453.162109,0.07732354579393821,0.007477757834004686
455.023438,0.07986995976582406,0.0015355101045190084
456.882812,0.08260578752704927,0.006423069365883827
458.742188,0.08555564377272212,-0.0059669865459536925
460.601562,0.08874479846028566,-0.018598583245891434
462.460938,0.09220209396088065,-0.02474136190703391
464.318359,0.0959560607369684,-0.018551045989385645
466.177734,0.10005121507974567,-0.013583311893167069
468.035156,0.10451955151917804,-0.022336472691390344
469.892578,0.10940966669964561,-0.016557356787482325
471.748047,0.11476372791125412,-0.030293998391771146
473.605469,0.12064403805026719,-0.011784015913404472
475.460938,0.12709132702201006,-0.013964519023757949
477.316406,0.13416548588253038,-0.006612879322098808
479.171875,0.14191993593735078,0.0034509797080688465
481.025391,0.15039630713868057,-0.015369774858484814
482.880859,0.15965875343133648,0.0031800159170613795
484.734375,0.16972694727754112,-0.0011830851262642772
486.587891,0.1806396293752074,-0.021373996865842987
488.441406,0.1924137466302438,0.0061012366786215855
490.292969,0.20503731463649882,-0.0018829628555767086
492.146484,0.2185210024127036,0.007305329649442194
493.998047,0.23280057554211367,0.007489911648324882
495.849609,0.24783236839995437,-0.008074699447562339
497.701172,0.2635363125192424,0.022128948863925024
499.550781,0.2797919473961013,0.0037347737594949915
501.402344,0.29650842577648484,0.01704607451903184
503.251953,0.31350483687177877,-0.010668660421680964
505.101562,0.33063513750498985,0.0020590737608606746
506.949219,0.3477035227147842,-0.0066029636328158725
508.798828,0.3645584162514878,0.0008705338106654859
510.646484,0.38097205946693635,0.016840343292520932
512.494141,0.3967712242573243,0.0015837170090045594
514.341797,0.41177135766005235,0.0030519445194018835
516.189453,0.42580037417880157,-0.011691240918218049
518.035156,0.43869107114601685,0.005852706322824974
519.880859,0.45032772592464226,0.007466486128077987
521.728516,0.460615913893269,-0.000494509825947731
523.572266,0.46945006422018404,-0.002710336503157107
525.417969,0.47681637434670376,-0.008654584228083961
527.261719,0.4826863994748575,-0.028525616484394334
529.107422,0.487089977372586,0.009897811162034476
530.951172,0.4900632042260824,0.013178200223526892
532.792969,0.49168061569267807,-0.007123785644174541
534.636719,0.49203631463822756,-0.01648667234181561
536.478516,0.4912359662799137,0.0038268330987182853
538.322266,0.4893953002359312,0.004544779243423502
540.164062,0.48664123804677617,-0.003348184535390042
542.003906,0.4831002900939075,0.0038976664570349873
543.845703,0.4788851070378555,-0.011353519967999048
545.685547,0.4741173425505981,-0.003074868483799842
547.525391,0.4688952120489631,0.0011610018236546948
549.365234,0.46330867792146074,0.007731233824392003
551.205078,0.4574340470328864,0.0165607338735409
553.044922,0.4513335807818813,-0.001899999139242936
554.882812,0.44506259358831274,0.01791651952889678
556.720703,0.43865050219495544,-0.004939677700371681
558.558594,0.4321220199707506,0.01836106886546862
560.396484,0.42549268825296677,-0.004848106978397881
562.232422,0.41877818207381945,0.0008050554711428459
564.068359,0.41197515560617437,-0.0015632305262222035
565.90625,0.4050771851510655,0.001736964025004839
567.740234,0.3981066746682322,-0.0015698362919539521
569.576172,0.3910428108419705,-0.0076756775093724805
571.412109,0.3838968173083784,0.00016221837157209817
573.246094,0.37668389461840995,-0.004380242052224592
575.080078,0.3694083998511598,0.010055747237378787
576.914062,0.362087157997117,0.0021726270734266917
578.746094,0.3547499271974358,-0.004810632956096517
580.580078,0.3474080169308994,-0.01685274279165988
582.412109,0.34010869326047066,0.0024388143213598945
584.244141,0.3328799826490899,-0.007581123644549048
586.076172,0.3257613859708431,-0.0022033734092876123
587.90625,0.31880264537203856,-0.007289691902546247
589.738281,0.3120334236571891,-0.012035656432652142
591.568359,0.30551390760791114,-0.012893675723362419
593.398438,0.2992829213518696,0.002749966021940109
595.228516,0.2933861963992748,-0.005981121372005571
597.056641,0.2878738107170534,0.00024893261147984624
598.886719,0.2827761585519769,0.016724316779272275
600.714844,0.2781431522902707,0.0007201469691991425
602.542969,0.2740041595844016,-0.00747671578523551
604.371094,0.2703893907224831,0.010380797628858851
606.197266,0.26732634660867083,-0.010681545894499267
608.025391,0.26482647739148063,0.011474710620409334
609.851562,0.26290583332895573,0.004625752727843935
611.677734,0.2615641713269091,0.018730870068791816
613.503906,0.26079566713279567,-0.0003416531746306406
615.328125,0.26058540463919344,0.0075405739491762325
617.152344,0.26090817163378044,0.011621081204910788
618.978516,0.2617316536541489,0.008308063252549625
620.800781,0.26300979738612074,0.003435901150835363
622.625,0.2646945818220351,-0.007835881227078012
624.449219,0.26672540341191453,0.017888719607626058
626.271484,0.2690331801499929,-0.013076308750716636
628.09375,0.2715479881630075,0.002173366570358881
629.916016,0.27419385996187856,0.019647767823141815
631.738281,0.27689265382116796,-0.004135187208043289
633.558594,0.27956330179953953,-0.003585593774359075
635.380859,0.2821354497447807,-0.006213671585602654
637.201172,0.2845319641238151,-0.010859337542914571
639.021484,0.2866906849138396,-0.031084619644884237
640.839844,0.28855349525566626,-0.025778755996464786
642.660156,0.29007873198121287,-0.0021486046282803706
644.478516,0.2912297060264623,-0.012504491673189344
646.296875,0.291988273358185,-0.01375619767934394
648.115234,0.2923487101686284,-0.009529418716748395
649.933594,0.2923199089500086,-0.0007396017126443666
651.75,0.29192588559964383,0.005494130791234564
653.566406,0.29120403916291265,0.015685834012941657
655.382812,0.2902044680495869,0.01304187574764648
657.199219,0.2889887427801026,0.01806495307948769
659.015625,0.28762817968527227,0.03451265023925165
660.830078,0.28620339731696465,0.0020209005486742093
662.646484,0.28479595457701035,0.01940454889046822
664.460938,0.2834967838356234,0.009339328385669032
666.275391,0.28239338397731867,0.011090278875690862
668.087891,0.28157460419459446,0.003974189357263791
669.902344,0.281123945774009,-0.0037059822989018443
671.714844,0.281123021420214,-0.0005464577947998372
673.527344,0.28164577201669416,0.0039024484449413643
675.339844,0.28275976368731953,-0.012868077461613447
677.150391,0.2845223695359397,-0.012606413199728994
678.962891,0.28698851571274153,-0.007581675217581685
680.773438,0.29019519946090105,-0.020471316129802297
682.583984,0.2941781942258751,-0.009318092864726901
684.394531,0.2989624154849142,-0.013950272955132126
686.205078,0.3045645194788681,-0.01886486890234318
688.013672,0.31098600047240665,-0.0015883072294762268
689.822266,0.3182341093181977,-0.0021393289831293516
691.630859,0.32630390926360026,-0.017964450040353797
693.439453,0.33518452249655095,-0.0033481077786690072
695.248047,0.3448597236885038,0.0018747576499793528
697.054688,0.35529685642934794,0.005778386421238235
698.861328,0.3664808570638162,-0.009186165289946091
700.667969,0.37838296467515875,0.011170776197228005
702.474609,0.39097112541145435,0.021140705392900416
704.28125,0.4042104095579401,0.013245116299292259
706.085938,0.41804797675579936,-0.004234959395719939
707.890625,0.4324580282562869,-0.007831372679248216
709.695312,0.4473986809853498,-0.013066133481911879
711.5,0.46282608415352927,-0.012016103278423063
713.304688,0.47869453528534184,0.013515066378724294
715.107422,0.4949388146882789,0.01208982988491275
716.910156,0.5115269928592199,0.02608410048426102
718.712891,0.5284086733992398,0.0012677573575328172
720.515625,0.545531998434854,0.01013230807250387
722.318359,0.5628438021530104,-0.007066460082070236
724.119141,0.5802707376721901,0.02112129090487347
725.919922,0.5977761167112285,-0.0025308133829604618
727.720703,0.6153036494018407,0.024272836915311014
729.521484,0.6327962208423433,-0.0017750461058142486
731.322266,0.6501960810557341,0.006236100704653302
733.121094,0.6674263911208441,0.004858689382489567
734.919922,0.6844478173622025,-0.006607685582312506
736.71875,0.7012020589795089,0.012695415477156802
738.517578,0.7176310266755002,-0.005364161506480669
740.316406,0.7336770940472048,-0.00043586513777349456
742.113281,0.7492666759327228,-0.010323529088131944
743.910156,0.7643616924067137,0.004005003580930477
745.707031,0.7789076993559926,-0.02399326131417423
747.503906,0.7928518133846032,-0.018095011126986527
749.300781,0.8061430010832248,-0.008235023510628436
751.095703,0.8187190848016604,-0.004293773922514288
752.890625,0.8305485632287354,-0.009004942848768738
754.685547,0.8415878341829208,-0.004278132817517544
756.480469,0.8517962884054334,-0.007202797457713683
758.275391,0.8611365896200143,-0.008347966811976137
760.068359,0.8695662651406344,-0.004354264727779444
761.861328,0.8770660913395878,-0.010132415197734002
763.654297,0.8836102549942801,-0.014229957453434139
765.447266,0.8891772743096449,-0.02308064053442238
767.240234,0.8937502503739461,0.005208592127622147
769.03125,0.8973138012302126,-0.0001855667721273324
770.822266,0.8998665240383352,0.007045113425494298
772.613281,0.9014068494740889,0.012325195209985651
774.404297,0.9019388501636652,0.01841855903152756
776.195312,0.9014725398593243,0.010354843463602603
777.984375,0.9000263135354767,0.008794678282425528
779.773438,0.8976230561729809,0.0009706128170685613
781.5625,0.8942926453272055,0.009950158897391481
783.351562,0.8900724441243234,0.01241445729582158
785.140625,0.8850078333972612,0.02643288342492589
786.927734,0.8791596282137587,0.012744375880455405
788.714844,0.8725858530706999,0.00475402408677672
790.501953,0.8653596601919897,-0.0033434925192771248
792.289062,0.8575650675319202,0.030374869782487268
794.076172,0.8492978613106946,0.013847640854861454
795.861328,0.8406761018299596,-0.018086525101091766
797.646484,0.8318125545509125,-0.014441168480047062
799.433594,0.8228330690202935,-0.01643571851580916
801.216797,0.8139172056362036,-0.016846944052100632
803.001953,0.8051997951345246,-0.017472444074881133
804.785156,0.7968769187609975,0.0033588395230327306
806.570312,0.7891185596705268,-0.007153374039880034
808.353516,0.7821369647500034,-0.015868588357695446
810.136719,0.7761204375165942,-0.005353864523610863
811.917969,0.7712656078727397,0.005656523168675598
813.701172,0.7677395722778336,-0.011945099521735503
815.482422,0.7657029404256979,0.017190765254704865
817.263672,0.7652678010711573,-0.009661597729192839
819.044922,0.7665034035403145,-0.007204812618508916
820.824219,0.7694172578887868,0.004703241952521364
822.605469,0.7739623971030413,-0.0006272954770742967
824.384766,0.7800074715823497,0.008690792672164882
826.164062,0.7873694682973185,0.01185469846148457
827.943359,0.7958037848380204,0.010592572488688501
829.722656,0.8050227202579217,-0.0070791424517572255
831.5,0.8147043123429001,0.008795881624321211
833.279297,0.8245584741942762,0.004784013075470384
835.056641,0.8342760697182118,-0.012681784260414553
836.832031,0.843615950947698,0.012448834514472762
838.609375,0.8524193868961755,-0.0033809407785754253
840.386719,0.8605691325268381,-0.006845793410395817
842.162109,0.8680253833668052,0.003218025509021949
843.9375,0.8748336546907863,-0.0194084786887051
845.712891,0.8810843305254408,-0.017468978961054593
847.488281,0.8869028998085182,0.006877106698174873
849.261719,0.8924223046240001,-0.014317292407325488
851.035156,0.8977797065088804,0.015326784968407114
852.810547,0.9030854106107287,0.026384025165970715
854.582031,0.9083871892773855,-0.006752712001082184
856.355469,0.9137218253219249,0.002390107158486976
858.128906,0.9190565086887196,-0.0028367529783193124
859.900391,0.9243180205171005,0.004311253467251475
861.671875,0.929415015884207,0.003592347767201076
863.443359,0.9342338434187077,0.004448075688829767
865.214844,0.9386592452711192,0.017076791811535652
866.984375,0.9425848071918388,-0.008642612409620831
868.755859,0.9459424630301295,-0.008972509600593703
870.525391,0.9486835217734609,-0.00010296807199616786
872.294922,0.950812273494177,-0.01193058013159054
874.064453,0.9523727091890606,-0.018346116881541863
875.832031,0.9534497419702378,0.00412293765156535
877.601562,0.9541676787517936,0.00395107534241157
879.369141,0.9546736247018314,-0.0025667631030097393
881.136719,0.9551320990689138,0.0025468997071806943
882.904297,0.9557077941286607,0.012773219276250636
884.669922,0.9565506496259448,0.0006417930098769897
886.4375,0.9577854069810456,-0.009463961536227639
888.203125,0.9594911826664627,0.02038478473263805
889.96875,0.9617001646275233,-0.0015788261949643
891.734375,0.9643870366629992,0.0031197164459634275
893.498047,0.9674660987774936,-0.0019499087678588323
895.263672,0.9708109424157085,0.0018852177714788754
897.027344,0.9742416587878069,-0.005619883754331312
898.791016,0.9775672429332108,-0.010407988255130562
900.554688,0.9805923040056428,-0.01509470514047151
902.316406,0.9831415531873564,0.006939421216095587
904.080078,0.9850929203182129,0.011000072867363486
905.841797,0.9863768830507109,-0.003231407230625538
907.603516,0.9870018708431381,-0.011565409455359221
909.365234,0.9870412396060282,0.012958760393971813
911.126953,0.9866173061816841,0.0005831744269590988
912.886719,0.9858683289833529,0.006732160000681664
914.646484,0.9848986435906321,-0.013390944389849557
916.408203,0.9837239107953839,0.01063441779898755
918.166016,0.9822231871148197,0.004730174284459099
919.925781,0.9800803684263921,0.0114837696801241
921.685547,0.9767764754235971,-0.013133093697344611
923.443359,0.9715986830076413,0.01524725326829024
925.201172,0.9636731732089999,-0.004029601814865225
926.958984,0.9520563100045445,-0.008726126610713703
928.716797,0.935839129908046,-0.014672318820646235
930.472656,0.9142942577639662,0.013295521333893001
932.230469,0.8868870855044377,-0.02177676358196412
933.986328,0.8535465763131166,0.011367597153254416
935.742188,0.8145131564859407,-0.013080458330767097
937.496094,0.7705011010890209,-0.006781874544598998
939.251953,0.7224155364045473,-0.001333835189768262
941.005859,0.6716117031991472,0.02866330805460171
942.761719,0.6193545788833342,0.01599065599609406
944.515625,0.5671395386427502,0.022844649293098818
946.267578,0.5162323587681973,-0.010293850446318142
948.021484,0.4675892677889943,-0.002928851406668098
949.773438,0.42213645233439956,-0.014438766519122126
951.527344,0.3803218867891742,-0.009054056260454857
953.279297,0.34252872848675114,0.004174057604292791
955.029297,0.3088087511160068,-0.02142380866545507
956.78125,0.27897379446782034,-0.003173175755042501
958.533203,0.2528234208869619,0.004958173289096257
960.283203,0.2300617570527955,-0.015249206417191186
962.033203,0.21030113326965702,-0.005233552590406476
963.783203,0.1931785403662116,-0.008829156813161348
965.53125,0.17836187826612176,-0.008133091833055384
967.28125,0.16549983869909313,0.011200171940112552
969.029297,0.15433903039175637,0.007458984249372497
970.777344,0.14461960526087836,0.006044151948293913
972.525391,0.1361330738696539,0.01189589391844545
974.273438,0.12870368615837904,0.005328212956001471
976.019531,0.12219122115105624,-0.005766575252251452
977.767578,0.11645866947158456,-0.000810028166333368
979.513672,0.11141709583226309,0.0011750356338612045
981.259766,0.1069750028366738,-0.0027514016748420023
983.005859,0.1030616840412798,0.027444864335544994
984.75,0.09962148438165411,0.0067759067711948145
986.496094,0.09659685721060357,0.022814447555654108
988.240234,0.09395245348305237,0.013072478100908919
989.984375,0.09164885463565871,0.005251516056947056
991.728516,0.08965540407089137,0.004693084141066756
993.470703,0.08794744612035009,0.0008059423451823172
995.214844,0.08649823984889392,0.015050890168273767
996.957031,0.0852910284271078,-0.0032040912832191626
998.699219,0.08430642614965328,-0.028150101122323752
1000.441406,0.08352876134000058,0.0038150650125934465
1002.181641,0.08294451145483728,0.005784435385146711
1003.923828,0.08253960978125366,-0.013131883250252899
1005.664062,0.08230328480288115,-0.01190794738350448
1007.404297,0.08222416641915792,-0.009328069627428867
1009.144531,0.08229211216661605,-0.004240863577794754
1010.884766,0.08249750671932807,0.010777742218861824
1012.623047,0.08283069359354328,-0.005509382797808396
1014.363281,0.08328351324016853,-0.005006761634696211
1016.101562,0.08384626246326482,-0.013749273751072308
1017.839844,0.08451084136049967,-0.0009175795656095748
1019.576172,0.08526788153568304,-0.0026395916109291373
1021.314453,0.08611065711537443,0.0037288898584375424
1023.050781,0.08702885177769411,-0.0029251601219046908
1024.787109,0.08801492025542985,0.0034812240213205198
1026.523438,0.08906036954176164,-0.0010297141841812824
1028.259766,0.09015664957970605,-0.005599202980017204
1029.996094,0.09129515706542392,-0.006598769823895595
1031.730469,0.09246590651712829,-0.0009669431900143355
1033.464844,0.09366150055947559,0.0048275145347249915
1035.199219,0.09487326981767598,-0.007507744011917797
1036.933594,0.0960925567194224,0.001876188204134599
1038.667969,0.0973107456130877,0.0028682692532297077
1040.400391,0.09851794475973501,-0.007388054189815904
1042.134766,0.09970845841952113,-0.006761913608339762
1043.867188,0.10087135482683723,-0.007830173139029825
1045.599609,0.10199993976003435,0.008500699928869385
1047.330078,0.10308521160144114,0.002157339140758316
1049.0625,0.10412210798454698,-0.0064372131762452794
1050.792969,0.10510112183983093,0.014814732277251885
1052.523438,0.10601666426145563,0.02142390395002143
1054.253906,0.10686236646548307,1.109570184873454e-05
1055.984375,0.10763232189921026,0.0015955836778139831
1057.712891,0.10832039317307048,0.015684247108894933
1059.443359,0.10892326908410548,-0.0018817059260441416
1061.171875,0.10943529974824763,-0.007702272116230466
1062.900391,0.10985352612245487,0.00033689430260837316
1064.628906,0.11017488144371965,-0.0030081063136073033
1066.355469,0.11039674725931214,0.012686759530614142
1068.083984,0.11051785882979273,-0.00022791098285596112
1069.810547,0.11053684361969678,0.005521188301551239
1071.537109,0.11045346622436034,0.007157712946519013
1073.263672,0.1102679638541665,-0.013517134260903202
1074.990234,0.10998123406938268,-0.0068999121351739495
1076.714844,0.10959531425703115,0.009204849432157991
1078.439453,0.10911210485886463,-0.009472698543090088
1080.164062,0.10853437741361789,0.004904583361676262
1081.888672,0.10786547985575501,0.00825398055422849
1083.613281,0.10710930554371062,-0.0005861900877645043
1085.337891,0.10627025376920504,0.00023971099858498268
1087.060547,0.10535427341993057,0.004592857198899736
1088.783203,0.104365732113475,0.0011481503920624248
1090.505859,0.10331027682704559,-0.0024270600757762134
1092.228516,0.10219387969955442,-0.005178833732284616
1093.951172,0.10102278993712424,-0.00039195693763494077
1095.671875,0.09980488508917224,-0.011309325027234002
1097.392578,0.09854548602964086,-0.012011818168743374
1099.113281,0.097251328612366,-0.004805411547778221
1100.833984,0.09592921356450018,0.010308231060746229
1102.554688,0.09458595441012399,-0.01915244189244865
1104.273438,0.09322987721745284,-0.01112230873961094
1105.992188,0.09186613825744795,-0.004623171600513301
1107.712891,0.09049972992963762,-0.006586215303522755
1109.429688,0.0891416686374298,0.0006742719682634596
1111.148438,0.08779346414525926,0.00041909228518791086
1112.867188,0.08646257380375454,0.003800437218084901
1114.583984,0.085156096018464,0.005808493410667692
1116.300781,0.0838778035665214,0.0022019525289501823
1118.017578,0.08263265971119008,-0.004523976284203368
1119.734375,0.08142527054329825,0.002962350306898315
1121.449219,0.08026116870672445,0.013103930624164484
1123.166016,0.07914154416392134,-0.0057068908345526415
1124.880859,0.0780723848422747,-0.007421883830375328
1126.595703,0.07705542475872787,0.007581994039425111
1128.310547,0.07609329729408756,0.00575716209250117
1130.025391,0.07518823368454619,-0.0011429775828049743
1131.738281,0.07434299844062002,0.0119573502074527
1133.451172,0.07355796768802764,0.017474956345519307
1135.164062,0.0728342063845321,0.009420711850531532
1136.876953,0.07217241418822612,-0.005264719250785324
1138.589844,0.07157294393560036,0.005661281689137557
1140.302734,0.07103581766516097,-0.003172190173206982
1142.013672,0.07056125156362948,-0.006470815916770234
1143.724609,0.07014801992424437,0.0013731058852790856
1145.435547,0.06979527614984582,0.009158401429470747
1147.146484,0.06950192942337358,-0.0001242777631483699
1148.855469,0.06926690232383464,0.0017441107061040573
1150.566406,0.06908814826117948,0.00626268505655915
1152.275391,0.0689643938869466,0.0012498285977706886
1153.984375,0.06889357371810734,-0.0162007729053448
1155.693359,0.06887373147173174,0.0015077352010924305
1157.402344,0.06890280731717602,-0.00424525548554755
1159.109375,0.06897854739931297,0.01240901890696823
1160.816406,0.06909876377274109,0.004240572730381378
1162.525391,0.06926143283781039,-0.02295476396782075
1164.230469,0.06946367401646579,-0.013975964774354498
1165.9375,0.06970386058217239,0.010468301959870724
1167.644531,0.0699795442965892,0.007561936333771779
1169.349609,0.0702881455385767,-0.016506357932914065
1171.054688,0.0706278049945164,-0.005136104054963786
1172.759766,0.0709964254068548,0.017651338064908317
1174.464844,0.07139197987450227,0.0012414807235237718
1176.169922,0.07181252124179327,-0.002589885954931509
1177.873047,0.07225567035337303,-0.003145853742839086
1179.576172,0.07272013870508713,-0.006440179532984092
1181.28125,0.07320483770632986,-0.00043819000405111164
1182.982422,0.0737065220281825,0.013512034777501958
1184.685547,0.07422545170240138,-0.004787716848057011
1186.388672,0.07475973611776403,-0.02291567250870538
1188.089844,0.07530752809632252,0.004012167849136536
1189.791016,0.07586833939323642,-0.0009312748091582362
1191.492188,0.0764411911517034,-0.002194812909741106
1193.193359,0.07702521633278228,0.005085251921203349
1194.892578,0.07761897085266584,-0.006307452103028632
1196.59375,0.07822317050962341,0.00990381627725409
1198.292969,0.07883588398479469,-0.001120208584785773
1199.992188,0.07945735572567561,0.008663749279411076
1201.691406,0.0800872372202491,0.0036535614909670444
1203.390625,0.08072527213169677,-0.0033121257816387667
1205.087891,0.08137054227849426,0.003148800452750053
1206.785156,0.08202368682745,-0.0028576219990212176
1208.482422,0.08268469340207947,0.0002822794335136519
1210.179688,0.08335361939557667,-0.004181030680575654
1211.876953,0.08403058804160407,0.002844881096026111
1213.574219,0.08471578462002263,-0.004166135406495644
1215.269531,0.08540864557854642,-0.0031922564954470906
1216.964844,0.08611024592033681,0.004600070392883043
1218.660156,0.08682092163405342,0.0008816689333757122
1220.355469,0.08754105225406666,-0.007722488200220173
1222.050781,0.0882710532883622,-0.00033828586376796754
1223.744141,0.08901051664761728,0.0076279841410363675
1225.4375,0.0897607548947924,0.0023155182108618583
1227.130859,0.0905222729337171,0.002263504835254282
1228.824219,0.09129559864320892,0.005912585154147332
1230.517578,0.09208127842473478,0.005451646903913948
1232.210938,0.09287987759358363,0.006738588777208454
1233.902344,0.0936910294482109,-0.008006741863073596
1235.59375,0.09451623684015202,0.004007009295755856
1237.285156,0.09535609850581088,0.0017432435742039676
1238.976562,0.09621122104241492,-0.0009248423565715452
1240.667969,0.0970822176149648,-0.01358121854693567
1242.357422,0.09796866974128585,-0.007866943178473973
1244.046875,0.09887219214806102,-0.013707950265181332
1245.736328,0.0997934041250481,0.005874841466429845
1247.425781,0.10073292521248824,-0.000778147439816218
1249.115234,0.10169137404326717,-0.0035338998439997243
1250.802734,0.1026682251914971,0.003094194396303207
1252.492188,0.10366635340744672,-0.0014574078886822467
1254.179688,0.10468405803430998,-0.005438698072167195
1255.867188,0.10572308448165448,-0.002581274986756407
1257.554688,0.10678402975417685,-0.0013086666683747444
1259.240234,0.10786621642110718,-0.005345354320470369
1260.927734,0.10897273585654345,0.004908487845765724
1262.613281,0.11010159916911995,-0.008580865812051391
1264.298828,0.1112546365697237,-0.013465376537173987
1265.984375,0.11243240077153395,0.017727468085938183
1267.667969,0.11363402434284303,-0.00014508315982143805
1269.353516,0.11486282339219615,-0.016478384786997785
1271.037109,0.11611646341390004,-0.002016447435317953
1272.720703,0.11739685299369067,-0.0005306113623982783
1274.404297,0.11870447339421199,0.0009329873805245109
1276.087891,0.12003978875486758,-0.01078781086288691
1277.771484,0.12140324289847951,-0.0032813754151304053
1279.453125,0.12279362934220155,-0.003458317997305768
1281.134766,0.12421291133020215,0.0004684886392810894
1282.816406,0.12566146164253628,0.0020131154613839686
1284.498047,0.12713962827669745,-0.0062990899333072725
1286.179688,0.12864772688161932,0.000505735368225152
1287.859375,0.13018423651330824,-0.0039235883908022295
1289.541016,0.1317529808689261,-0.002085534452276161
1291.220703,0.13335052479240356,0.0005173956312318762
1292.900391,0.13497884358043793,0.011167062415676776
1294.580078,0.1366380601470424,0.0026960751258088833
1296.257812,0.1383262691743693,-0.004620183495517793
1297.9375,0.1400474273640812,-0.0031030451547822135
1299.615234,0.1417975000240055,0.00036189575536973995
1301.292969,0.14357838274014573,-0.0005324623963210984
1302.970703,0.1453899198238246,0.025354782503787032
1304.646484,0.14722972860567696,0.0009567826005113245
1306.324219,0.14910180379897056,0.0011708531827249458
1308.0,0.15100141267121892,-0.002581042250240917
1309.675781,0.15293026367157334,0.0003494746261343551
1311.351562,0.15488781450065472,0.011545876736611366
1313.027344,0.15687343087487754,0.002988799950640414
1314.703125,0.1588863763680125,0.014541911230666338
1316.376953,0.16092342217334926,0.0039684771656410545
1318.050781,0.16298595419570222,0.011144984703725047
1319.724609,0.16507291364768475,0.001713972501744404
1321.398438,0.16718312309029004,0.000559952452778345
1323.072266,0.16931527606532107,-0.00515518293016709
1324.744141,0.17146541645383867,0.010462440405648421
1326.417969,0.1736369996007447,-0.0029896454423842256
1328.089844,0.1758232528517356,0.0015386410489882651
1329.761719,0.17802485216827701,0.010015639366877105
1331.433594,0.1802398030759127,-0.0014902392839481748
1333.103516,0.1824633542794952,0.005200626885854875
1334.775391,0.1846984105516903,-0.0031514142510246645
1336.445312,0.1869373013303917,-0.007148913077219404
1338.115234,0.18918003449388862,0.008455513666651038
1339.785156,0.19142385170045265,-0.00028515709704468595
1341.455078,0.19366584061536007,0.0042499017636853376
1343.123047,0.19590032316715264,0.009792169828406694
1344.791016,0.19812671804922796,-0.0034726692236733137
1346.460938,0.20034426013413503,0.005470466872118135
1348.128906,0.20254426729249,0.01721746993104023
1349.794922,0.20472317765198675,-0.0037181676311296985
1351.462891,0.2068823544923858,0.0066988308468337865
1353.128906,0.2090128885071497,-0.017358918420528974
1354.796875,0.2111158174446723,0.002653681782751577
1356.462891,0.21318217313993845,0.006843045478547999
1358.128906,0.2152103231863848,0.003934029178370074
1359.792969,0.2171937998360287,-0.005475501645645586
1361.458984,0.21913305304091044,-0.00014326705362657788
1363.123047,0.22101932259869234,0.01220317580217442
1364.789062,0.2228528132075691,-0.0039914975212916315
1366.453125,0.2246250385323565,-0.017143785790720956
1368.115234,0.2263320733675876,-0.0039953284333827666
1369.779297,0.2279738685845471,0.002273869918030469
1371.441406,0.2295426083863016,-0.006484179383886651
1373.105469,0.23103813680779264,0.002334659071293904
1374.767578,0.23245325050963317,0.0024933425842121604
1376.429688,0.23378623629605166,0.011097538528725942
1378.091797,0.23503377547241874,-0.004478603015383803
1379.751953,0.23619146535450108,0.0007354644840980029
1381.412109,0.2372579836362458,-0.004500599012378315
1383.074219,0.23823184721012627,-0.015612258432328274
1384.734375,0.2391084801191959,0.004444752594765844
1386.394531,0.23988710585955672,0.012066106203875243
1388.052734,0.24056533134126387,-0.007497630990197124
1389.712891,0.24114344022434925,-0.010421464200695008
1391.371094,0.24161910845887782,0.006297225335385875
1393.029297,0.24199247175075614,-0.030497155112529428
1394.6875,0.24226328995441038,-0.015350606658567884
1396.345703,0.24243169059817893,0.0050978128951760515
1398.003906,0.24249816943404523,-0.018623234153220092
1399.660156,0.24246368774589788,-0.005332074670916703
1401.316406,0.24232960113703123,-0.014680092389910249
1402.972656,0.24209747771244944,-0.00396471199345555
1404.628906,0.2417692253528974,-0.0007284779002922348
1406.285156,0.241347078344274,0.008601431652544206
1407.939453,0.2408342398867631,-0.002540456825418397
1409.595703,0.24023233405261318,0.0117823540071329
1411.25,0.239545883263654,0.01900900172425657
1412.904297,0.23877758025030787,0.009738775970566382
1414.558594,0.23793100451949134,-0.008445930903816401
1416.210938,0.23701107058168222,0.008034364192901516
1417.865234,0.2360195664452961,-0.0031988575313302847
1419.517578,0.2349629442037967,-0.0031624587423982053
1421.169922,0.2338443147952593,0.014350370623049974
1422.822266,0.23266802601202322,-0.00868944806866681
1424.474609,0.2314385103561151,0.003550562611635527
1426.126953,0.23016025894387707,-0.0085733690793246
1427.777344,0.22883939113165067,0.014791253139326055
1429.427734,0.2274789573560398,-0.007253406934183915
1431.078125,0.22608348598325304,-0.01163562176643726
1432.728516,0.2246574867083525,4.8137600129644076e-05
1434.378906,0.2232054309796187,-0.004062750043858088
1436.027344,0.2217334885450753,0.0010727653752443944
1437.677734,0.2202425174712122,-0.0021839467671872503
1439.326172,0.21874030129442112,-0.004220426990919179
1440.974609,0.21722924777000846,-0.008849106539316726
1442.623047,0.2157134150137241,0.004388265957928628
1444.269531,0.21419855169444887,-0.0018275556035163842
1445.917969,0.21268489399484142,0.01684884997792485
1447.564453,0.21117973583344826,-0.01465664805120942
1449.210938,0.2096848573498909,-0.007625437347223735
1450.857422,0.20820371166691315,0.010247838913206825
1452.503906,0.20673962123285858,0.007026711555640164
1454.148438,0.20529747961302136,-0.014293585341877385
1455.794922,0.20387692757251447,0.0029487963738254463
1457.439453,0.20248426777836853,0.0018861150527933745
1459.083984,0.20112060786445926,-0.015483224183153677
1460.728516,0.19978863345341874,-0.011970451535434412
1462.373047,0.19849091544807124,0.013239627287475436
1464.015625,0.1972313839843764,-0.0076397039961498825
1465.658203,0.19601081621487548,0.009672368306597762
1467.302734,0.1948300708746932,0.01085931931155995
1468.945312,0.19369409157468898,0.002950817958644769
1470.585938,0.1926047631825799,0.01291934263118652
1472.228516,0.19156144737801423,0.006743524265132944
1473.869141,0.19056849283884625,-0.0016934824409290672
1475.511719,0.18962532979160884,0.011784855807509431
1477.152344,0.18873592079843504,0.00970618709894655
1478.792969,0.18790076547925563,0.0027431323080406855
1480.431641,0.18712234807097186,0.02112910980080876
1482.072266,0.18640034550465365,-0.011338066704843608
1483.710938,0.18573795495455397,0.008767958247687169
1485.351562,0.18513503089946476,0.006843876513296487
1486.990234,0.18459439523271348,0.0093031333842937
1488.628906,0.18411664028796562,0.004645514247670762
1490.265625,0.18370352910095397,-0.0035025516271579293
1491.904297,0.1833553490224333,0.008479251311899583
1493.541016,0.1830741689333133,0.004050040262640664
1495.177734,0.1828607416430395,0.004609044954792696
1496.814453,0.1827162436896996,0.0030875825322422
1498.451172,0.18264182195027118,-0.0031436329215958347
1500.087891,0.18263859228803342,-0.012673836153818091
1501.722656,0.18270751210141367,0.012092542678989793
1503.359375,0.1828497933310288,0.005668140608643596
1504.994141,0.18306610325965267,0.006455197837488741
1506.628906,0.1833575300221014,-0.021546756679856782
1508.261719,0.1837245023713413,-0.022113094506047953
1509.896484,0.18416875330011973,0.007403697954088906
1511.529297,0.18469001082015962,-0.001187373721624474
1513.164062,0.18529023569055075,-0.0005392140307895754
1514.796875,0.185968620159444,0.0004440381758565315
1516.429688,0.18672635763419146,-0.01646519171984792
1518.060547,0.1875628044527798,0.00037692438636563463
1519.693359,0.1884802354161657,0.015331201715176601
1521.324219,0.18947657224027403,-0.007877956176912171
1522.955078,0.19055280167965907,-0.005020037921980081
1524.585938,0.19170866155410493,0.015609401032286835
1526.216797,0.19294365743854497,-0.0005260046035520383
1527.847656,0.19425703730452837,0.02788359629913803
1529.476562,0.19564604464612312,-0.0052307058800038775
1531.107422,0.19711263908243792,-0.008598971060672228
1532.736328,0.198651570964797,-0.010612094791735832
1534.365234,0.2002624130175354,-0.0031482255271003123
1535.994141,0.2019425783901637,0.005679793994415955
1537.621094,0.20368685126894512,0.00816025154391245
1539.25,0.20549580222286695,-0.005256140636319517
1540.876953,0.20736089475997788,0.013983069192668368
1542.503906,0.20927943253881592,0.010427198371552232
1544.130859,0.2112459059070485,0.004595363660520185
1545.757812,0.21325407795827134,-0.011029260555463688
1547.382812,0.2152944711628426,-0.00858784359578163
1549.009766,0.2173641823291267,0.0033941444181607716
1550.634766,0.21944960317756185,0.005202826690255097
1552.259766,0.22154371199826078,-0.003974045091189288
1553.884766,0.22363613578223246,-0.009480751983738989
1555.509766,0.22571561777048021,-0.009879045645431767
1557.132812,0.22776757773028955,-0.0035234191749433097
1558.757812,0.2297839935169948,-0.007097211605513881
1560.380859,0.23174627674366907,-0.01040665346107486
1562.003906,0.2336424186201957,0.0004140955727617024
1563.626953,0.23545731912312184,0.0013455213205652017
1565.248047,0.2371733453478424,0.005848759219150873
1566.871094,0.2387786243516844,-0.006851924379279284
1568.492188,0.24025307856163094,-0.014322181157235214
1570.113281,0.24158246297973496,-0.004307962471896409
1571.734375,0.2427506879165671,0.010979568447588711
1573.355469,0.24374203933191124,-0.009039002618603076
1574.976562,0.24454141849960578,-0.017030261731270563
1576.595703,0.24513400347301445,-0.007666653421847552
1578.214844,0.24550779290186148,-0.002563159122296599
1579.835938,0.2456510800734274,0.006253530187906975
1581.455078,0.245553351929217,0.009807792662046122
1583.072266,0.24520712577185297,0.01137182380919613
1584.691406,0.24460517734113257,0.015857366728227684
1586.308594,0.2437446977447953,-0.00023410560816805592
1587.927734,0.24262157471947848,-0.002979581747172305
1589.544922,0.24123877930967236,-0.013024484664820118
1591.162109,0.23959769025849514,0.008477449483173333
1592.777344,0.23770559725462231,0.0018166710678739484
1594.394531,0.2355649738349449,0.01361624005462736
1596.009766,0.23319009424351833,-0.0052350409814736765
1597.625,0.23058952570900412,0.0066310702287595
1599.242188,0.22777244666559843,0.011357772569450503
1600.855469,0.22476361976488216,-0.0009156692560458868
1602.470703,0.22156787918955778,-0.0021462954025691094
1604.085938,0.21820512631059144,-0.00893908018486339
1605.699219,0.21469677501505502,-0.006365310611657349
1607.3125,0.2110563077092647,0.0020851297966110183
1608.925781,0.2073013608008324,0.0014370022693639406
1610.539062,0.20344951780792475,0.010116015060047001
1612.152344,0.19951809080772068,0.004531843449321615
1613.763672,0.19552880451503102,0.007825927098934343
1615.376953,0.19148819617179386,0.004616079546014673
1616.988281,0.18742146912957794,-0.005540140661409898
1618.599609,0.18333828836046237,0.009561677285844505
1620.210938,0.1792522261021095,0.014005451759859538
1621.820312,0.1751807794344764,0.007354963872576309
1623.431641,0.1711255541565453,0.006647160115850037
1625.041016,0.1671068047812309,0.0005670071191760939
1626.650391,0.16312894733233713,-0.010275732082622141
1628.259766,0.15920029263266544,-0.013770083538659966
1629.869141,0.15532814541551707,-0.0004656490262772983
1631.476562,0.15152343095113605,-0.009829228613354835
1633.085938,0.14778231829254507,-0.004245355668342166
1634.693359,0.14411845324628786,0.00147318269636329
1636.300781,0.14053100264280974,0.005272036494248927
1637.908203,0.13702299019758435,0.015581338309205578
1639.515625,0.13359676439403442,-0.0048395329001721665
1641.123047,0.13025406195346131,-0.0025029945713402058
1642.728516,0.12699997426853943,-0.017747053114157488
1644.333984,0.1238310789338019,-0.0013705741706271507
1645.939453,0.1207476223963753,-0.013073939091771916
1647.544922,0.11774947089560883,-0.011473778303882784
1649.150391,0.11483615058617774,-0.008098361651790148
1650.753906,0.11201028688172684,0.0028189725587039055
1652.359375,0.10926397413255148,-0.013124931604020382
1653.962891,0.10660266454641439,-0.002358057058301208
1655.566406,0.10402155872692949,-0.011043154121408966
1657.169922,0.10151909424425551,-0.011968556139679828
1658.773438,0.09909359182570554,-0.02101053880454229
1660.375,0.09674609251645208,0.005974384987782397
1661.978516,0.09446901689609993,-0.012285360835405476
1663.580078,0.09226601061957354,-0.009157565845192908
1665.181641,0.09013231270159018,-0.013318048394152113
1666.783203,0.08806596130234236,-0.010934923220641976
1668.382812,0.08606738063169686,0.005635414161045044
1669.984375,0.08412971589602858,0.0006749928790609344
1671.583984,0.08225573466698348,-0.009926401633504472
1673.183594,0.08044109266152613,-0.0009539648279933283
1674.783203,0.07868387576127857,-0.0033987514819577708
1676.382812,0.07698219661537525,0.006302782807829838
1677.982422,0.07533420290587417,-0.014024401993150783
1679.582031,0.07373808411280398,0.006338383763643124
1681.179688,0.07219392516776568,0.013834712363722426
1682.777344,0.07069802766559669,0.023980680283318262
1684.375,0.06924871603172578,0.007391437619615776
1685.972656,0.06784436269435731,-0.008002834316232728
1687.568359,0.06648502576555729,0.028936500791159475
1689.166016,0.06516584715383608,0.00580234328789099
1690.761719,0.06388857460943256,0.006025147179208129
1692.357422,0.06265014002247213,0.012843349697022888
1693.953125,0.061449161660619644,0.014036636857509749
1695.548828,0.0602843049437468,0.007530183819958028
1697.144531,0.05915428172003842,0.02897639278329875
1698.738281,0.05805917130769925,0.007686202267485592
1700.333984,0.056995093007961774,0.02286247988457795
1701.927734,0.055963500092344846,0.0017147590488615846
1703.521484,0.05496196269828822,0.018707507830933418
1705.115234,0.05398941394263802,0.028211903687226453
1706.707031,0.05304596763460581,0.010710760581891507
1708.300781,0.05212832138087989,0.018302317584083017
1709.892578,0.05123777577016454,0.027325536984194446
1711.484375,0.05037227862528359,0.030723848090542717
1713.076172,0.04953095338620149,0.01852352853773484
1714.667969,0.048712957094028286,0.03538696363520408
1716.257812,0.047918442194479105,0.03041495551446048
1717.849609,0.04714467713546574,0.040807436639773535
1719.439453,0.04639281380571829,0.03517547321662637
1721.029297,0.04566117197207431,0.026197463177693767
1722.619141,0.04494906161200102,0.041950339380267945
1724.208984,0.044255819768717695,0.031066280180942533
1725.796875,0.04358162605171806,0.025986174257943626
1727.386719,0.042924209894453925,0.03587693649910007
1728.974609,0.04228459882873327,0.0238983376597572
1730.5625,0.04166140892927231,0.032722008857000495
1732.150391,0.04105409741800568,0.035705584815477906
1733.738281,0.0404621422691915,0.03326250201810956
1735.326172,0.03988504029552218,0.03726491493383862
1736.912109,0.039322992413157176,0.04271340780057231
1738.498047,0.03877481586091796,0.04294261252279145
1740.083984,0.038240065626110785,0.034197341458781526
1741.669922,0.03771831214351605,0.03315286527124507
1743.255859,0.03720914330700301,0.035643199207347175
1744.841797,0.036712161176796425,0.047511526484607235
1746.425781,0.036227574279904834,0.042264748572896096
1748.009766,0.03575439569549777,0.043058399569633816
1749.59375,0.03529227271275943,0.029650503426751566
1751.177734,0.03484086474488934,0.04879577749182596
1752.761719,0.0343998437242367,0.047268708381938446
1754.345703,0.03396889439789787,0.055548954195576136
1755.927734,0.03354822558105318,0.047110772193083406
1757.509766,0.03313700732325842,0.049526234273516455
1759.091797,0.03273495846357155,0.06572793932334627
1760.673828,0.03234180716170543,0.04869443603069924
1762.255859,0.03195729153591517,0.04230920655891911
1763.837891,0.03158115877475101,0.04929755041925177
1765.417969,0.031213615072217385,0.06652791684685123
1766.998047,0.030853956533872788,0.07371755607072267
1768.578125,0.03050195714608401,0.0595613140455284
1770.158203,0.030157398761548843,0.04936936589623679
1771.738281,0.029820070787612202,0.06344870739050214
1773.318359,0.029489769887907344,0.060150209865282495
1774.896484,0.029166695373193295,0.061239573413255984
1776.474609,0.028850245720409937,0.0522697959231688
1778.052734,0.028540238363659237,0.06214528704789782
1779.630859,0.028236496892023517,0.06531395686973127
1781.208984,0.02793885081106856,0.05108274876782508
1782.785156,0.027647492726404817,0.06618559924676506
1784.363281,0.02736154143131695,0.05466349211168702
1785.939453,0.027081551010174024,0.07123045119137139
1787.515625,0.026807015576748226,0.06955004653780947
1789.091797,0.026537791500255613,0.07289888625705018
1790.667969,0.026273739810397722,0.07141742497121349
1792.242188,0.026015043897066017,0.07118700826959343
1793.818359,0.025760931999460498,0.0652856744486734
1795.392578,0.025511907845417157,0.08142150291902857
1796.966797,0.025267532157914288,0.08621795378913184
1798.541016,0.025027687207159532,0.07756746766592897
1800.115234,0.024792259105416922,0.10462580380757706
1801.6875,0.024561421186527276,0.07578881489312148
1803.261719,0.024334493188133775,0.08203897060540385
1804.833984,0.02411193484192224,0.08471024019130904
1806.40625,0.023893361563975764,0.08359257029697215
1807.978516,0.023678676362091387,0.07973514136227677
1809.550781,0.023467785180585572,0.07902645583636153
1811.121094,0.023260851505188994,0.09472176475661562
1812.693359,0.023057272356176113,0.08411443436421298
1814.263672,0.022857467495216242,0.09875440857066459
1815.833984,0.022661098971260143,0.094657407230336
1817.404297,0.022468085879959146,0.09750267616506442
1818.974609,0.022278350178203662,0.09318269292081977
1820.542969,0.02209204565459444,0.10570663612700038
1822.113281,0.021908634829982957,0.08957612773121373
1823.681641,0.02172850220679646,0.09745714796036795
1825.25,0.021551348620452625,0.10133093849960625
1826.818359,0.02137710657405234,0.11026097016944683
1828.386719,0.02120571048886127,0.09029809470732213
1829.955078,0.0210370969596876,0.10048399641548153
1831.521484,0.020871408949102062,0.11319782188925542
1833.087891,0.02070837478060133,0.0959473666161949
1834.654297,0.02054793643271169,0.10907615868367698
1836.220703,0.020390037176610292,0.1177715036405844
1837.787109,0.020234621941549624,0.11083995401149377
1839.353516,0.020081637062442967,0.11488131882574389
1840.917969,0.019931216937220733,0.11004440365614217
1842.482422,0.019783118704448766,0.11470680413207582
1844.048828,0.019637112557967087,0.10542023681728353
1845.611328,0.01949369257298923,0.12169389121424563
1847.175781,0.019352270240464983,0.12063499651527188
1848.740234,0.019212980850885217,0.11047705187235293
1850.302734,0.019075950235129535,0.13160699412825094
1851.867188,0.01894079279014751,0.12270329786330839
1853.429688,0.018807804361785134,0.11971136082553144
1854.992188,0.01867677421666406,0.12771586035167976
1856.554688,0.018547662744666703,0.1117987160436072
1858.115234,0.01842058930043793,0.1307978415003244
1859.677734,0.018295198082863527,0.11803719582029262
1861.238281,0.018171766066012385,0.12517090518904908
1862.798828,0.01805009976978552,0.10857440549091918
1864.359375,0.017930164476215458,0.10658378693922313
1865.919922,0.01781192633148226,0.12259864494341413
1867.480469,0.017695352320157374,0.12716628434936755
1869.039062,0.017580553154944868,0.10692069197686041
1870.597656,0.017467350469694977,0.12694985882581247
1872.158203,0.017355574889220567,0.12768051361773974
1873.716797,0.017245476361221757,0.12479499523195886
1875.273438,0.01713702009221941,0.12189836549331004
1876.832031,0.017029905660900933,0.12493701437728374
1878.390625,0.016924242241931297,0.11820403549765048
1879.947266,0.016820132602166388,0.10954717140553175
1881.503906,0.01671741720158426,0.11425711602842434
1883.060547,0.016616070225021283,0.12766914573859892
1884.617188,0.016516066656498535,0.10453685798705023
1886.173828,0.01641738206048239,0.1226098012879125
1887.728516,0.016320113765194655,0.12197615907083978
1889.285156,0.016223994163680273,0.11580825076965483
1890.839844,0.0161292415392013,0.11111512293332192
1892.394531,0.016035712389458397,0.11810749543944321
1893.949219,0.015943384860639023,0.10828931848282294
1895.501953,0.015852351596250612,0.1133484544975012
1897.056641,0.01576236273562856,0.11797645329757814
1898.609375,0.015673624237012924,0.1353652393661539
1900.162109,0.015586002500617159,0.11613512707793282
1901.716797,0.015499369988955621,0.11988535243387052
1903.267578,0.015414032339978392,0.12575295107766038
1904.820312,0.015329646565126295,0.11776861498306575
1906.373047,0.015246302664888408,0.1244717881383384
1907.923828,0.015164085952022907,0.12988677032806223
1909.474609,0.015082873642724664,0.1288988962674242
1911.025391,0.015002648805790877,0.1161745284035172
1912.576172,0.014923395026238212,0.13307349802816248
1914.126953,0.014845096085582456,0.12480168480910467
1915.677734,0.014767736160326048,0.12355490352458175
1917.226562,0.014691395448068011,0.12656190152013633
1918.775391,0.014615960782008268,0.11888826095709032
1920.324219,0.014541417468584006,0.12998372114567966
1921.873047,0.014467750975608745,0.13851009423475122
1923.421875,0.01439494711991674,0.12909078507770866
1924.970703,0.014322992010848426,0.13866448411871718
1926.517578,0.014251961201665846,0.13519713882668613
1928.066406,0.01418166201961296,0.1370594497548463
1929.613281,0.014112258731887312,0.12458959381982701
1931.160156,0.014043649436067299,0.13369168061070041
1932.705078,0.013975906793340395,0.1333758424738471
1934.251953,0.013908847307436486,0.1529363584482904
1935.798828,0.013842545113093817,0.1446861376453347
1937.34375,0.013777070759612223,0.12978591928625627
1938.888672,0.013712328584930341,0.13476614697971162
1940.433594,0.0136483073375199,0.1307461095782986
1941.978516,0.013584995986499655,0.13548744140698948
1943.523438,0.013522383716389714,0.14128747190288282
1945.066406,0.013460537812091533,0.14279142618704632
1946.609375,0.013399368243052257,0.13807027768316107
1948.154297,0.013338788724835966,0.1472599391773085
1949.697266,0.013278942443010774,0.16479465893774356
1951.240234,0.013219742659510036,0.1461006136376658
1952.78125,0.013161253434861013,0.13638641288797546
1954.324219,0.013103317157188647,0.14573770708629522
1955.865234,0.013046071322540882,0.1563631945069111
1957.40625,0.012989433106350999,0.15475118859495557
1958.947266,0.012933393691266249,0.15011956018054926
1960.488281,0.012877944423134493,0.15083527532389665
1962.029297,0.012823076701083742,0.1661306578399294
1963.570312,0.012768782224832619,0.16617439087931093
1965.109375,0.012715120446021766,0.13871636096153775
1966.648438,0.012662014192500223,0.16170101423756228
1968.1875,0.012609455607963374,0.15439050840199683
1969.726562,0.012557436910583818,0.15415067963174928
1971.265625,0.012505950459903754,0.1394959410940415
1972.804688,0.012454988819599642,0.14652742008923386
1974.341797,0.01240460837235291,0.15289874966165135
1975.878906,0.012354736907832184,0.145708602331428
1977.417969,0.01230530493251291,0.15011316417265952
1978.955078,0.01225643103131766,0.1448207132891775
1980.490234,0.012208106494419254,0.15521411791451378
1982.027344,0.012160201658262726,0.13525092093164873
1983.5625,0.012112831768317029,0.14733269705637164
1985.099609,0.01206586982059834,0.15638801199342067
1986.634766,0.012019428797847823,0.14303268782940382
1988.169922,0.01197344258843923,0.14451457576407079
1989.705078,0.011927905060825719,0.15955000229213506
1991.238281,0.011882867308590585,0.1362184114008286
1992.773438,0.011838208676197668,0.14669449694257844
1994.306641,0.011794037071524648,0.16491472489047437
1995.841797,0.01175023424342858,0.16027006311532457
1997.375,0.0117069060578574,0.16185676572957491
1998.90625,0.01166404544055285,0.16415751048371086
