Raman Shift (cm-1),Fitted Intensity
159.26151312198635,0.09057807321020891
162.17892251266312,0.09594781542750919
165.06070388440276,0.10178302970205363
167.97629817665074,0.10812023309701906
170.89098012548493,0.11472549492273361
173.77006778237046,0.12129278709603881
176.68293717714914,0.12770463293718637
179.59489550712533,0.13357204224826105
182.50594319967058,0.13858230284547177
185.38144153980102,0.14241464984374397
188.29068006676243,0.1449448296491638
191.19900923170644,0.1459920924304915
194.07182265961455,0.14555262469097316
196.97834519226308,0.14370969588629798
199.8839596359394,0.14065640063378546
202.75409191031576,0.13672046217854247
205.65790225025557,0.13212773155795512
208.5608057718964,0.12725895368705317
211.42826064439942,0.12249199546400202
214.32936258615155,0.11799082125638422
217.22955897789507,0.11404013657708767
220.09434019320543,0.11083876968022606
222.9927375242005,0.10841422025284339
225.89023057112718,0.10686289291369203
228.75234186693342,0.10619769184370323
231.64803836756255,0.10637946412523319
234.54283184768065,0.10737272365440245
237.4022769547155,0.10908424852607444
240.2952763983085,0.11147138017894694
243.18737408261222,0.11441831416937397
246.04415672466348,0.11776870620565437
248.93446287752522,0.12147673782110135
251.82386852998388,0.12536356140699195
254.67799242389083,0.12923117158371386
257.565609045334,0.13301535665178404
260.41796602711474,0.1364694736369219
263.3037952786035,0.13952279420568628
266.18872612093764,0.1419889966870976
269.0384305290536,0.14372984686947682
271.9215764941182,0.144694156514192
274.8038253026716,0.1447959594009816
277.65088083558294,0.14402650649413132
280.5313472549242,0.1423819119529385
283.37664243438485,0.13995119829272762
286.2553281173605,0.13675827203803315
289.13311872473423,0.1329367560262716
291.97577117291803,0.1286677141525004
294.85178352428557,0.12398362448112453
297.6926797004962,0.11913036668599564
300.5669154435891,0.11412123835991311
303.44025818556474,0.10913268350137073
306.2785177554506,0.10432361188961682
309.150086361853,0.09965982457289739
311.98659372863403,0.09531284534765953
314.85638984211255,0.09121976306762741
317.69114662786524,0.08750161769318586
320.55917188903913,0.08407743250076895
323.42630704161274,0.08099016552806816
326.25843576130865,0.07825747206194864
329.1238025236089,0.07579364034834868
331.9541847135806,0.07363376995637426
334.8177847211591,0.07169986678097941
337.6464219965019,0.07001204763970573
340.5082568828984,0.0685040742736795
343.3351508567066,0.0671882257998711
346.1952222534492,0.06601081813116559
349.0203745368344,0.06498046501138391
351.8786840734356,0.06405488625786407
354.7361080202609,0.063231853084089
357.55864557949826,0.06250627468953876
360.4143101115624,0.061849280355967234
363.23511000427607,0.061266896766926635
366.08901674608205,0.06073672594234268
368.90808057645336,0.06026435064284601
371.7602311504961,0.059832269464493666
374.57756052071636,0.05944561469238611
377.42795654749716,0.059090578161364087
380.2435530577968,0.05877181698874677
383.0921961558306,0.058478331233946156
385.90606140446107,0.05821429344405077
388.7529531902692,0.05797087253117654
391.56508877352826,0.057751766013353585
394.41023086164205,0.057549853519972674
397.2206383738594,0.057368381206921205
400.0640323768239,0.05720161426072568
402.8727134103756,0.05705238087352748
405.71436093876036,0.056916108206592604
408.5213170840616,0.056795249931733884
411.36121974646085,0.05668625989215287
414.16645259197685,0.056591282334504
417.00461199500205,0.056507767187303194
419.8081231272481,0.05643768326294929
422.6107791472823,0.05638026583664371
425.446331879084,0.056335874975479885
428.2472685572284,0.05630726828343701
431.0810820327788,0.05629730391244398
433.88030095069917,0.056313876405558384
436.71237676973396,0.056377020432952105
439.5098795071426,0.056546737173167425
442.3402192674366,0.057131361578651924
445.1360074021177,0.062485179350725936
447.930943955329,0.07854314690988602
450.75868780728706,0.05777176624199239
453.5519121161087,0.05688569021042257
456.3779238904244,0.056749315072219565
459.1694375278166,0.05678192497024509
461.99371881542174,0.05689073383825919
464.7835233524238,0.05705182396003695
467.5724790401364,0.057263626625845644
470.39417274803054,0.05753531214668353
473.18142168360646,0.0578720621108628
476.00138886887726,0.05830075468557572
478.7869326185464,0.05883932382454616
481.60517486533354,0.059544983720199375
484.3890149934232,0.060470704953473044
487.17200899273666,0.06173934725756863
489.9876719528438,0.06357621829148469
492.76896466880135,0.06628174074561051
495.5829066375736,0.0704623740725445
498.3624996297294,0.07664028523654207
501.14124842855017,0.08510412702151098
503.9526170105346,0.09507505116488621
506.7296684166504,0.10385899322216915
509.505876786945,0.10864887974789128
512.3146755106209,0.10814937714240394
515.0891888150436,0.10397048751658665
517.8962728359329,0.09935177827608448
520.6690926264382,0.09714940538431162
523.4410713071484,0.0983213126708525
526.2455913408958,0.10249412068599825
529.0158788274384,0.10834147397857774
531.785326356061,0.11437802843802582
534.5872859139781,0.11911540544149335
537.3550445639485,0.12118150293069774
540.1219644057746,0.1199831629101361
542.9213669927594,0.11553944833750349
545.686600267225,0.10872695442518249
548.4509958812232,0.10064899563898748
551.2478449957853,0.09234785883404861
554.0105563494981,0.08488275896510569
556.805701690384,0.07854544756032761
559.5667303225964,0.07360927439588148
562.3269232040038,0.06995058612710987
565.0862807140293,0.06829686918793709
567.8780333537688,0.07557286901519361
570.6357112050464,0.06361305572469701
573.3925548263542,0.06202147126976482
576.1817644509756,0.0609952333229401
578.9369307080196,0.060242015867382634
581.6912638744288,0.05965990228826926
584.4779339570123,0.05919804651409812
587.2305920494691,0.05883785897130523
589.9824181885451,0.05855301295169807
592.7665521958479,0.05832668971028246
595.5167055471175,0.05815358297332205
598.2660280801974,0.05802277666614779
601.0145201715131,0.057928343686337064
603.7952814999189,0.05786524332331904
606.5421038421155,0.05783160464724148
609.2880968749887,0.05782404401842047
612.0663301881068,0.057841183303294914
614.8106557483188,0.057881498740284996
617.554153129593,0.05794449700964171
620.2968227067649,0.058030138500543456
623.0716940541533,0.05814034957548706
625.8126991844802,0.0582735313765843
628.552877638358,0.05843247900492892
631.2922297897167,0.05861953121613625
634.0637452701958,0.058840748555005935
636.8014359932095,0.05909527136831078
639.5383015386324,0.05939141312837577
642.3073015987065,0.05974160366146251
645.0425079771339,0.06014840157264049
647.7768903008473,0.060630515135232876
650.5104489421938,0.06120864998298157
653.2431842732913,0.061912093079591994
656.0080062575216,0.06279459316293606
658.7390861754284,0.0638967802980195
661.4693439025905,0.06531672070163559
664.1987798102273,0.06718080516866919
666.9602641357596,0.069695698760852
669.6880476268889,0.07301847252990004
672.4150104152941,0.07740169470807096
675.141152871307,0.08301099511047552
677.8993055782594,0.08992578530602993
680.6237986072192,0.09767503935338405
683.3474724178923,0.10569452702824322
686.0703273797008,0.11312338943026856
688.7923638618704,0.11915676941599036
691.5463630106569,0.12342520292111095
694.2667537902307,0.1260443859574221
696.9863272009134,0.12789376364376281
699.705083611032,0.1301304944170195
702.4230233886883,0.13390328191903964
705.1728783546314,0.1401768713541181
707.8891761429404,0.14930267845697934
710.6046584062024,0.16150319752239567
713.3193255116239,0.1767199839552404
716.033177826208,0.19477039676683142
718.7462157167283,0.2154050921289331
721.491111983778,0.23861717453260006
724.2025123243511,0.2635086439497269
726.9130993442814,0.289951142074857
729.6228734094693,0.317506300443111
732.3318348855792,0.34570197746924514
735.0399841380749,0.37405736163774583
737.7799351068679,0.40245552378228794
740.4864512328204,0.42984645940164157
743.1921562345997,0.4563504179397225
745.8970504767931,0.481984074237849
748.6011343237551,0.5071179293757742
751.3044081396256,0.5326349523385383
754.0394271625555,0.5605007969464861
756.741072259374,0.5927064327974305
759.4419084205874,0.6334708291770702
762.1419360094733,0.6877876615588673
764.8411553890837,0.7597891825492938
767.539566922238,0.8465097140433836
770.2371709715626,0.9290979039935736
772.9339678994475,0.9808910623353165
775.6624349602753,0.9978354327484307
778.3576090181923,0.9823441891194541
781.0519770449282,0.9020176591442409
783.7455394020071,0.7553479067357198
786.4382964507422,0.6016512923011482
789.1302485522319,0.4780521105367866
791.8213960673565,0.3865717927776783
794.5117393567816,0.31916415886591815
797.2012787809545,0.26853823084441886
799.922404211542,0.22931081851174123
802.6103273114531,0.19918528641911826
805.2974476305062,0.17556346303701137
807.9837655282827,0.15707608866641556
810.6692813641639,0.142807500325187
813.3539954973021,0.13216164240555486
816.037908286642,0.1247890070596498
818.7210200909067,0.1205319886010258
821.4033312686151,0.11934417288877665
824.0848421780756,0.12114291118475769
826.7655531773598,0.12559023179696915
829.4777478409233,0.13195924204966133
832.1568504666102,0.1387500508092899
834.8351542594137,0.14443446187050907
837.5126595765614,0.14771991219780556
840.1893667750774,0.14820615892198127
842.8652762117599,0.14663322612284627
845.5403882432074,0.14458454001616403
848.2147032257963,0.14377232538349097
850.8882215157028,0.14526743078157578
853.5609434688704,0.1490387437351745
856.2328694410462,0.15400164651420126
858.9039997877626,0.15855105750878523
861.5743348643446,0.16132973855530736
864.2438750258916,0.1618392342404019
866.9126206273068,0.16057161782709223
869.5805720232747,0.1586383645256494
872.2477295682729,0.15718387209203352
874.9140936165568,0.156943311781549
877.5796645221853,0.15811798566874918
880.2444426389957,0.16050258571772735
882.9084283206321,0.1636951041107502
885.5716219205024,0.16726320662032443
888.2340237918252,0.17083063090849923
890.8956342876045,0.17410398228863697
893.5564537606224,0.17687188310342777
896.2164825634645,0.1789978518133447
898.8757210485091,0.1804161451387861
901.566194253428,0.18113795382185807
904.2238436478765,0.18123502674582773
906.88070378462,0.18090860759606467
909.5047788508018,0.1804865537973019
912.1600710251078,0.18047269588832357
914.8145749914547,0.18167691782066817
917.4682911007549,0.18527542573127737
920.1212197037094,0.19276143475202526
922.7733611508156,0.20549055116874976
925.4247157923564,0.22362994235245803
928.0752839784072,0.24487764386416636
930.725066058847,0.2642042815052559
933.3740623833291,0.2759633356122847
936.0222733013143,0.2780335607787558
938.669699162052,0.27512532672305134
941.3163403145809,0.2769288634094646
943.9621971077358,0.28828365064821315
946.607269890148,0.2980579474770158
949.2515590102339,0.28543254716505917
951.8950648162136,0.2443285247067156
954.5377876560888,0.19170065755400537
957.1797278776648,0.1473955983513989
959.8208858285398,0.11794101057017028
962.4612618561077,0.10006901939491696
965.1008563075484,0.08904939833524732
967.7396695298376,0.0818249098484287
970.3777018697583,0.07679588824258125
973.0149536738754,0.07313457678192897
975.65142528855,0.07038273452155784
978.2871170599428,0.0682658849762733
980.8902880408277,0.06662601570068953
983.5244305486303,0.06530553363690295
986.1577942462391,0.06424343096472354
988.7903794789963,0.0633794191619301
991.4221865920408,0.06266900822335819
994.0532159303111,0.06207883010032249
996.6834678385349,0.06158354731146644
999.3129426612431,0.06116372912413638
1001.9416407427561,0.06080434623873031
1004.5695624271975,0.060493677565021275
1007.1967080584836,0.06022250152420042
1009.8230779803271,0.059983489549061624
1012.4170434801454,0.05977317311391323
1015.041872349022,0.05958165198025416
1017.665926534246,0.059407627098562545
1020.2892063787294,0.059247686797210035
1022.9117122251773,0.05909884973075538
1025.5334444160871,0.05895842561275933
1028.15440329376,0.05882389584578646
1030.7745892002931,0.05869280474308737
1033.3940024775802,0.05856265241007993
1035.9810981708106,0.05843239003949086
1038.598976513018,0.058295919618056094
1041.2160832463414,0.058151404653844864
1043.832418711885,0.05799474888189071
1046.447983250535,0.05782085060067876
1049.0627772029802,0.057623134572525846
1051.676800909714,0.057392835767513
1054.290054711022,0.057117857937233
1056.8710678120515,0.05678539218303578
1059.48279208834,0.05636176871888938
1062.093747474777,0.05581020424650834
1064.7039343108554,0.05506328961592821
1067.313352935871,0.05399951332519607
1069.9220036889128,0.05237568237976542
1072.4984711957586,0.049671007402220524
1075.105596462614,0.044200565884849
1077.7119548694973,0.029216195288942974
1080.317546754708,0.05882762158407852
1082.9223724563308,0.08597275102253255
1085.5264323122756,0.07561763586369205
1088.1297266602414,0.07124656973869235
1090.700904617097,0.06896421492825311
1093.3026781742628,0.06756597381095096
1095.90368723129,0.06665057766964126
1098.5039321250988,0.06601968685018669
1101.1034131923952,0.06557090157953764
1103.6708254619662,0.0652494682043079
1106.2687890782108,0.06501245875967641
1108.8659898728438,0.06484160637783173
1111.4624281817887,0.06472157191211997
1114.0581043407765,0.06464168337029245
1116.6217591897112,0.06459469510570494
1119.2159212276165,0.06457389196237544
1121.8093221175222,0.06457580461510658
1124.4019621943662,0.0645972089859709
1126.9938417929043,0.06463560796615991
1129.5537474636767,0.06468831611758516
1132.1441162613737,0.06475508002457837
1134.7337255797866,0.06483409949197151
1137.322575752878,0.06492437273181295
1139.9106671144218,0.06502508935311692
1142.466831825419,0.06513420437340897
1145.0534156966605,0.06525384965866293
1147.6392417524658,0.06538231784203254
1150.2243103258224,0.06551925784347813
1152.7774899721844,0.0656625917704944
1155.3610536951164,0.06581559456277529
1157.9438609293902,0.06597639344372563
1160.5259120072114,0.06614485764268369
1163.1072072606003,0.06632089356510455
1165.6566606759006,0.06650218420629908
1168.2364543720396,0.06669311915529347
1170.8154932346333,0.06689152576462609
1173.3937775949307,0.06709742022353886
1175.940257690534,0.06730822343644446
1178.5170431196166,0.06752913277479988
1181.0930750349762,0.06775769705057172
1183.6683537670833,0.06799400712452011
1186.2118657414467,0.06823518068153026
1188.7856481622657,0.06848722025629594
1191.3586783861065,0.06874736794954601
1193.9309567426717,0.06901577330893154
1196.471505782134,0.06928921327604873
1199.0422904412299,0.06957453142171308
1201.6123242170252,0.06986863310674073
1204.1506566845674,0.07016801412012502
1206.7191987172919,0.07048018870559315
1209.2869908489847,0.07080178748089064
1211.8540334080099,0.07113305028539087
1214.389411983815,0.0714700591610569
1216.9549654029506,0.07182129676896881
1219.5197702293917,0.0721829921438597
1222.0529389950316,0.0725508848110117
1224.61625662804,0.07293425016141478
1227.1788266466283,0.07332898622276333
1229.7406493778217,0.07373542625512201
1232.2708732581305,0.0741488026861508
1234.8312113884967,0.07457955647415011
1237.3908032074723,0.07502309689927557
1239.9188240118929,0.07547423380540641
1242.4769331685857,0.07594437457924658
1245.0342969881858,0.07642852183630867
1247.560117592806,0.0769210211893915
1250.116000685306,0.07743433747424032
1252.6711394133126,0.07796302679943741
1255.194762689218,0.07850092365607068
1257.7484226219312,0.07906165191172541
1260.3013391610693,0.07963927599451114
1262.822767974354,0.08022706647866118
1265.3742076466478,0.08083991873651226
1267.924904894593,0.08147135426826121
1270.4441421063602,0.08211402029560884
1272.993364412563,0.08278420716768721
1275.5418452619597,0.08347483526427518
1278.0588937283464,0.0841778615647328
1280.6059015577484,0.08491110558376265
1283.1521688962057,0.08566682042472083
1285.6670314683906,0.08643619759494822
1288.2118277052796,0.08723872977288322
1290.755884415401,0.08806592748458339
1293.2685639396113,0.0889081322572001
1295.811151463251,0.08978666189319465
1298.3530004226377,0.09069219854517337
1300.8634997401532,0.09161413902530147
1303.403881424827,0.09257578297753472
1305.9129317732186,0.09355476676030401
1308.4518474532706,0.09457579551391647
1310.9900261682633,0.09562794821920932
1313.4969010306886,0.09669880778918201
1316.0336156473168,0.09781531777999367
1318.5695942569437,0.09896543720555195
1321.074296461582,0.10013549602253878
1323.6088128757874,0.10135481336850316
1326.112071126503,0.10259475024485779
1328.6451266095319,0.10388626891593446
1331.1774476773753,0.10521515038151304
1333.6785379692556,0.10656532911882154
1336.209400003383,0.107970299013354
1338.7090494631484,0.10939668657209563
1341.2384537241596,0.11087968459144323
1343.76712515721,0.11240244023880451
1346.2646113435585,0.11394607691754986
1348.7918268954818,0.11554830052024188
1351.2878753625337,0.1171704122967771
1353.8136362903097,0.11885171606571795
1356.338665972784,0.12057221817381354
1358.832555838333,0.12230983540509228
1361.3561327831994,0.12410606038178092
1363.8485880333137,0.12591648646913753
1366.3707134939323,0.12778384996768943
1368.8921092873425,0.12968454965492282
1371.3824105944368,0.1315930597803797
1373.9023567847216,0.13355352704599466
1376.3912265713043,0.13551597930582066
1378.9097244082113,0.13752510866319062
1381.3971639082774,0.13952897132530923
1383.914214640121,0.14157242026493208
1386.4002250862322,0.14360181892524015
1388.9158299598967,0.14566174047281535
1391.4307079939972,0.14772205306379851
1393.9145728441363,0.14975215444625695
1396.4280068914595,0.1517952681051213
1398.9104457665926,0.15379554975623014
1401.422437070447,0.1557946643593169
1403.9034511981918,0.15773707294449998
1406.4140010004412,0.15966234584650463
1408.893591607004,0.1615161546149055
1411.4027011481012,0.16333545685073436
1413.8808694582804,0.16506817797325837
1416.388539977259,0.16674818491864332
1418.8954870924463,0.16834552730724417
1421.3715199489052,0.16983440121898247
1423.877029901585,0.17124326251573257
1426.3516435212223,0.17253082197059866
1428.8557175468777,0.17372153282121428
1431.3289131495767,0.1747804726633566
1433.8315524822574,0.17572785899463414
1436.3033312865118,0.17653614563432635
1438.8045371588632,0.17722115066528604
1441.2749003817698,0.17776348456242497
1443.7746740250223,0.17817446138601917
1446.2436228822844,0.17844332722937806
1448.7419655262602,0.17857683626524842
1451.2095012321843,0.17857300092888956
1453.7064141053015,0.1784340019524909
1456.1725378728079,0.17816638797009024
1458.6680222020732,0.1777677947328832
1461.1327352426997,0.17725274016759435
1463.6267922537227,0.17661439116509856
1466.090095777603,0.17587438815226875
1468.582726694589,0.1750215620234366
1471.044621910496,0.1740836292254895
1473.5358279562424,0.17304528289071233
1475.996316071556,0.1719391603332128
1478.4860984674815,0.17074608483464063
1480.9451806882025,0.16950243995732397
1483.4335406543069,0.16818551411172367
1485.8912181850574,0.16683432017561142
1488.3781569399653,0.16542300355779943
1490.8344309839958,0.16399220587028124
1493.2900079848114,0.1625313386113049
1495.7748215041174,0.16102789515510274
1498.2289968168734,0.15952342637353387
1500.7123921617567,0.15798615477589834
1503.1651669862695,0.15645746879991987
1505.647145370498,0.15490400142548447
1508.0985209052233,0.15336655971911695
1510.579083541168,0.15181060178495415
1513.02906098319,0.1502760868954046
1515.5082090818432,0.14872767116995178
1517.9567896268818,0.14720432951756507
1520.4046764008053,0.14568867091589624
1522.8817092402714,0.14416335785152168
1525.3282009046197,0.1426658559736061
1527.803822224585,0.1411601131802462
1530.2489199716838,0.13968266689953515
1532.7231309783128,0.13819756270641334
1535.16683599912,0.13674052493123662
1537.6098493197496,0.13529343067952204
1540.0819513813403,0.13383856461172208
1542.5235737559778,0.1324106866039168
1544.994268510025,0.13097464391469665
1547.4345011262485,0.12956471783903903
1549.8740435159852,0.12816325238663953
1552.3426338181598,0.12675304320110062
1554.7807882247253,0.12536785772449013
1557.2479742165997,0.12397375931638321
1559.6847418242032,0.12260426531339984
1562.1505247037494,0.12122597884161501
1564.5859066952507,0.11987220212789776
1567.0206005171167,0.11852645787784877
1569.4842852159818,0.11717275017322368
1571.9175951899415,0.11584404836967731
1574.3798797618183,0.11450838361226318
1576.8118070673772,0.11319844837266563
1579.2430476669651,0.11189866565845263
1581.7032385207967,0.11059401795746923
1584.1330982151667,0.10931663498863274
1586.5622720790707,0.10805146005192301
1589.0203718842022,0.10678406854318816
1591.4481666030697,0.10554579501645237
1593.904871038736,0.10430726012383504
1596.3312877867356,0.1030991216270745
1598.7570201613125,0.10190716688220625
1601.2116379906984,0.10071796020952496
1603.6359941496048,0.09956092721974649
1606.0596668066319,0.09842236604436964
1608.5122006870079,0.09728943919994736
1610.934498880586,0.09619010033747602
1613.3561144423438,0.09511117835578209
1615.8065670264696,0.09404044435137712
1618.2268098740242,0.09300418628761911
1620.6758735942421,0.09197756052668965
1623.094744894468,0.09098566380300141
1625.5129350108691,0.09001628221375436
1627.9599218496624,0.08905823558140759
1630.3767421630328,0.08813476798415157
1632.7928821587084,0.08723428943371396
1635.2377947568493,0.08634626968986896
1637.6525666908383,0.08549207348209634
1640.0666591718,0.08466076954696494
1642.5095001655718,0.0838424896309983
1644.922226323244,0.08305674946823494
1647.3342738910796,0.08229330335587483
1649.7750459123163,0.08154295052635673
1652.1857288923165,0.08082343430761432
1654.5957341442154,0.08012520998421219
1657.0344398202942,0.0794397412636315
1659.4430822168652,0.07878310926147393
1661.8510477456148,0.07814647249798379
1664.2876896994567,0.07752194677364234
1666.6942941024645,0.07692408222413191
1669.1002224964723,0.07634472953350467
1671.505475166272,0.07578337198397375
1673.939372341487,0.07523295908587531
1676.3432661847764,0.07470622126842225
1678.7464851607474,0.0741958933794448
1681.178324713117,0.0736955146148495
1683.5801865853464,0.07321661372749724
1685.9813744456987,0.07275254865647968
1688.4111589834065,0.07229741074553367
1690.8109914598717,0.07186166056268968
1693.2101507784573,0.07143923687883388
1695.6086372223544,0.0710296595410613
1698.0356885569272,0.07062769109562411
1700.4328219032504,0.07024255772537064
1702.829283226958,0.06986890021764118
1705.2542856119908,0.06950193505938677
1707.6493955512196,0.06915008683067207
1710.0438343184687,0.06880846836428
1712.4376021958233,0.0684766945453533
1714.8598794404752,0.06815052100796354
1717.2522982106711,0.06783744708589176
1719.6440469396985,0.06753314336090911
1722.035125909002,0.06723728092047852
1724.4546826043224,0.06694608415006109
1726.84441473868,0.06666626437638105
1729.2334779601333,0.06639397467781345
1731.6218725494982,0.0661289377173135
1734.0387132762444,0.06586778314381285
1736.4257632977751,0.0656165472991891
1738.812145532138,0.06537179880108018
1741.1978602595154,0.0651333053427395
1743.6119895881566,0.0648980462117875
1745.996362009726,0.06467147572689878
1748.3800677673353,0.06445052002601055
1750.7631071405485,0.06423498488472705
1753.1745296313093,0.06402215145633045
1755.5562289556656,0.06381696877902052
1757.9372627367593,0.06361667110596247
1760.3176312535215,0.06342109579558247
1762.726351456411,0.06322778534748927
1765.1053821762107,0.06304124729258787
1767.4837484709315,0.06285898235486685
1769.861450618875,0.06268085380825543
1772.2384888981978,0.06250673061249004
1774.6438396715384,0.062334434434685164
1777.0195429599771,0.06216799529867107
1779.3945832166974,0.062005198397272664
1781.7689607192297,0.06184593282662133
1784.1716194015535,0.061688212314485326
1786.5446641537783,0.06153573405529861
1788.917046986844,0.061386478900117045
1791.2887681776592,0.06124035241774326
1793.6598280029793,0.06109726379945483
1796.0591299620246,0.060955434544372404
1798.4288598290113,0.06081819731682968
1800.7979291632073,0.06068374461743486
1803.166338240746,0.060551998531378944
1805.5340873376008,0.060422883991974756
1807.9300396029103,0.06029480079639946
1810.2964615256205,0.060170764837373325
1812.6622242980302,0.06004915024017075
1815.0273281955015,0.05992989212443433
1817.391773493251,0.0598129278716661
1819.755560466332,0.0596981970262986
1822.1475039747602,0.0595842817585378
1824.5099671031167,0.05947387004576843
1826.8717727344083,0.0593655217846926
1829.232921143077,0.05925918430324818
1831.5934126034153,0.05915480666881939
1833.953247389567,0.059052339616279176
1836.3411921935112,0.05895051990519676
1838.699706453226,0.05885175443001268
1841.0575648635895,0.058754760543819735
1843.4147676981265,0.05865949501789949
1845.7713152302094,0.05856591598072226
1848.127207733065,0.05847398286478788
1850.5111638513335,0.05838256457009914
1852.865739134977,0.05829382545718994
1855.219660211471,0.05820661744911259
1857.5729273534416,0.058120904724797806
1859.925540833341,0.058036652536184875
1862.2775009234829,0.05795382716831648
1864.6288078960351,0.05787239590123754
1867.008124508553,0.057791358802932895
1869.3581181052505,0.05771263742843362
1871.707459403242,0.057635217249058825
1874.0561486740771,0.05755906918691458
1876.4041861891674,0.057484164992091226
1878.7515722197604,0.05741047721355863
1881.098307036962,0.057337979171297404
1883.4443909117217,0.05726664492960628
1885.8184229440158,0.0571956001519508
1888.1631978161022,0.05712653199230013
1890.5073225610067,0.057058553754674224
1892.8507974490713,0.056991642242995695
1895.193622750503,0.05692577488746403
1897.535798735349,0.0568609297238012
1899.8773256735112,0.056797085373323605
1902.2182038347419,0.05673422102380313
1904.5869688732382,0.05667156731797442
1906.9265423855832,0.05661061405208153
1909.2654679326297,0.05655058133757168
1911.603745783541,0.056491450457126315
1913.9413762073127,0.05643320317460027
1916.2783594728025,0.05637582171991033
1918.6146958487152,0.05631928877449258
1920.9503856036063,0.05626358745730213
1923.2854290058822,0.056208701311331564
1925.6198263238075,0.056154614290625675
1927.9535778254904,0.056101310747771034
1930.3151323073544,0.05604813942650752
1932.647585112667,0.05599636652803781
1934.979392908448,0.05594533226311851
1937.310555962209,0.0558950224664352
1939.6410745413195,0.055845423314977424
1941.970948913,0.05579652131798564
1944.3001793443218,0.05574830330724934
1946.6287661022143,0.05570075642774149
1948.9567094534577,0.055653868128576416
1951.284009664676,0.055607626154277744
1953.6106670023546,0.055562018536343204
1955.93668173283,0.055517033585095917
1958.2620541222896,0.05547265988180965
1960.586784436775,0.05542888627109776
1962.939211524841,0.05538517880643075
1965.262650664863,0.05534257992219282
1967.5854485303971,0.055300549046569156
1969.907605386892,0.05525907600917143
1972.2291214996621,0.055218150868427164
1974.5499971338613,0.05517776390535233
1976.8702325545019,0.055137905617523235
1979.1898280264613,0.05509856671324184
1981.5087838144536,0.05505973810588706
1983.8271001830544,0.055021410908444
1986.1447773966975,0.05498357642820604
1988.4618157196637,0.05494622616164279
1990.7782154160923,0.05490935178942758
1993.0939767499767,0.05487294517161939
1995.4090999851614,0.05483699834299326
1997.7235853853526,0.05480150350851363
2000.0374332141073,0.05476645303894636
2002.3506437348333,0.054731839466603725
2004.6632172108002,0.05469765548121765
2006.975153905125,0.05466389392593774
2009.2864540807896,0.05463054779344831
2011.5971180006236,0.054597610222201554
2013.907145927311,0.054565074492762065
2016.2165381233972,0.054532934024259225
2018.5252948512825,0.05450118237094351
2020.833416373218,0.05446981321884388
2023.1409029513125,0.05443882038252168
2025.4477548475334,0.054408197801918974
2027.7539723236987,0.05437793953929744
2030.0595556414846,0.05434803977626505
2032.3645050624255,0.05431849281088761
2034.6688208479136,0.05428929305488227
2036.972503259196,0.05426043503089065
2039.2755525573666,0.05423191336982863
2041.5779690033887,0.054203722808310116
2043.8797528580799,0.05417585818614307
2046.1809043821086,0.05414831444389517
2048.4814238360086,0.054121086620526324
2050.7813114801575,0.0540941698510871
2053.0805675748015,0.054067559364479434
2055.379192380042,0.05404125048127917
2057.6771861558336,0.05401523861161755
2059.974549161994,0.05398951925312001
2062.2712816581916,0.05396408798890063
2064.5673839039555,0.05393894048561042
2066.862856158674,0.053914072491537714
2069.157698681589,0.053889479834759335
2071.451911731805,0.05386515842134044
2073.745495568277,0.0538411042335824
2076.038450449829,0.05381731332831617
2078.3307766351354,0.05379378183524093
2080.6224743827297,0.05377050595530569
2082.913543951003,0.053747481959133175
2085.2039855982075,0.05372470618548425
2087.493799582455,0.05370217503976219
2089.7829861617065,0.0536798849925553
2092.0715455937934,0.05365783257821663
2094.3594781364045,0.05363601439348008
2096.618893845858,0.05361468897831481
2098.9055810191603,0.05359332652966567
2101.1916420720554,0.05357218850075793
2103.4770772616685,0.05355127172400666
2105.7618868449754,0.05353057308780965
2108.0460710788248,0.0535100895353589
2110.3296302199124,0.05348981806348208
2112.612564524803,0.053469755721512156
2114.8948742499124,0.05344989961018525
2117.176559651518,0.053430246880565274
2119.457620985766,0.05341079473299476
2121.738058508654,0.05339154041607171
2124.017872476041,0.053372481225650775
2126.2970631436438,0.05335361450386879
2128.5756307670454,0.0533349376381937
2130.825799536793,0.053316672425197435
2133.1031294283057,0.05329836537266996
2135.379837038403,0.05328024063148421
2137.655922622118,0.053262295760865774
2139.931386434324,0.05324452836095672
2142.2062287297704,0.053226936071992
2144.480449763065,0.053209516573495555
2146.7540497886694,0.05319226758349519
2149.027029060915,0.05317518685775555
2151.299387833984,0.053158272189029326
2153.5434259683934,0.05314172470560274
2155.814552064472,0.05312513371362563
2158.085058420016,0.053108702397024386
2160.3549452886655,0.05309242868894056
2162.6242129239145,0.053076310556017886
2164.8928615791265,0.0530603459977504
2167.1608915075158,0.053044533045845624
2169.4283029621693,0.053028869763601966
2171.6950961960356,0.05301335424530027
2173.933638899318,0.0529981711787964
2176.1992039814722,0.05298294384656608
2178.4641515977673,0.05296785876310918
2180.728482000588,0.05295291414047335
2182.9921954422025,0.05293810821885107
2185.25529217473,0.05292343926604798
2187.517772450148,0.052908905576963094
2189.7796365203067,0.05289450547308005
2192.0133121493745,0.05288041051591734
2194.2739520710493,0.052866271071353145
2196.533976539111,0.052852260350414175
2198.79338580486,0.05283837677575857
2201.052180119459,0.05282461879425378
2203.310359733936,0.05281098487653052
2205.56792489918,0.05279747351654675
2207.797355772105,0.052784245803919105
2210.0537002766614,0.0527709736824736
2212.309431080779,0.05275781975379224
2214.5645484348024,0.052744782600700035
2216.819052588944,0.052731860827308165
2219.072943793275,0.05271905305863015
2221.326222297732,0.052706357940206484
2223.5514205027794,0.052693926933530144
2225.8034818211127,0.052681451798871605
2228.0549311855284,0.05266908538628886
2230.3057688454173,0.052656826419597916
2232.5559950500465,0.052644673641382124
2234.805610048541,0.052632625812661225
2237.027190890254,0.05262082675236502
2239.2755916694696,0.05260898393468773
2241.5233819860805,0.0525972424713261
2243.77056208867,0.05258560119365958
2246.01713222569,0.052574058949950674
2248.2630926454585,0.052562614605052405
2250.481064937456,0.05255140484655183
2252.72581409516,0.052540151798552495
2254.9699542767303,0.05252899335378986
2257.2134857299425,0.052517928440481115
2259.4564087024482,0.05250695600205973
2261.6713818025783,0.0524962071454931
2263.91309596903,0.052485415450331876
2266.154202393889,0.05247471316135069
2268.3947013242614,0.05246409928013512
2270.6345930071257,0.05245357282224416
2272.8465729946365,0.05244325961722514
2275.0852583208252,0.05243290407047019
2277.323337136626,0.05242263308666532
2279.5608096884753,0.052412445734803935
2281.7976762226863,0.05240234109672685
2284.006669160415,0.052392440007370956
2286.242331780719,0.0523824971112759
2288.4773891185105,0.05237263426013577
2290.711841419572,0.052362850584949425
2292.9456889295434,0.052353145228542036
2295.151700863964,0.052343634295284915
2297.3843468962004,0.052334082121609594
2299.616388870494,0.052324605774201324
2301.8478270319647,0.05231520444116158
2304.051459960101,0.05230599062301519
2306.281698586856,0.05229673603575061
2308.511334132352,0.05228755410129857
2310.7403668411753,0.052278444050189526
2312.968796957779,0.05226940512317199
2315.1694597222486,0.05226054552271468
2317.3966927285073,0.052251645761385405
2319.6233238721434,0.052242814914926224
2321.849353397087,0.052234052263242826
2324.047645800674,0.05222546273064294
2326.272480148884,0.05221683353558447
2328.4967136064224,0.05220827043942614
2330.7203464166923,0.05219977275882594
2332.9162722870533,0.05219144227274427
2335.1387118500425,0.05218307263110298
2337.36055149222,0.05217476641556405
2339.5817914564686,0.0521665229773035
2341.7753546130225,0.05215844107606035
2343.9954032552887,0.052150320532775164
2346.214852944522,0.052142260877296204
2348.433703923074,0.05213426149324059
2350.6249081770256,0.05212641824096441
2352.8425697547573,0.05211853686511393
2355.0596333451467,0.0521107139652123
2357.2490727181284,0.052103043304259716
2359.46494834439,0.05209533491053026
2361.6802267054845,0.05208768326402917
2363.8949080428574,0.052080087800554474
2366.081995160246,0.052072639579337714
2368.2954904474354,0.05206515414898604
2370.5083894315285,0.05205772325744443
2372.720692353447,0.05205034636795334
2374.905431003972,0.05204311194037551
2377.1165497855472,0.052035840828536455
2379.3270732240235,0.05202862215411327
2381.51005479772,0.05202154249481945
2383.71939552408,0.05201442654466964
2385.9281416252634,0.05200736152390095
2388.1362933412966,0.05200034693999651
2390.3169330559795,0.05199346694203536
2392.5239039625667,0.05198655117771165
2394.7302812003836,0.05197968441397109
2396.909168779781,0.05197294904033418
2399.1143666310345,0.051966178292386894
2401.318971528741,0.051959455159820096
2403.496109083757,0.0519528603220279
2405.6995360154906,0.05194623050081907
2407.9023707077613,0.051939646958695705
2410.1046133993113,0.051933109258970205
2412.279418490518,0.05192669587256915
2414.480485108599,0.051920248022147744
2416.680960438507,0.051913844739908455
2418.854020420462,0.05190756289544033
2421.0533210921767,0.051901246974005194
2423.2520311871267,0.05189497439078246
2425.423348159453,0.05188882045795388
2427.6208850092153,0.05188263283314258
2429.817831992479,0.051876487358983585
2431.987408051433,0.05187045783267716
2434.1831832002536,0.05186439499708254
2436.3783691916997,0.05185837316524177
2438.5462064301846,0.05185246466035655
2440.740221995662,0.05184652322638827
2442.9336491117665,0.05184062168827253
2445.099749619325,0.05183483093481141
2447.2920077156814,0.05182900762980251
2449.4836780695186,0.05182322315015684
2451.6480439323514,0.051817546988547174
2453.838546670413,0.05181183865009288
2456.02846237168,0.05180616810241393
2458.1910956726497,0.05180060347904911
2460.379845159865,0.051795007050564966
2462.5680083148836,0.05178944741272987
2464.728911133512,0.05178399137571982
2466.9159094739625,0.051778503902207416
2469.102322185685,0.051773052252306946
2471.261496598172,0.051767701947426296
2473.4467458925646,0.051762320571435975
2475.604771534381,0.051757039075954636
2477.7888583398035,0.051751726750624207
2479.972360685497,0.05174644870840378
2482.128661371311,0.05174126839824056
2484.311002621558,0.05173605761802876
2486.492760112553,0.05173088023584889
2488.6473379097333,0.05172579849868664
2490.8279356965777,0.051720686647803986
2492.9813683890334,0.05171566908636617
2495.160807396138,0.05171062164631555
2497.3396638080176,0.05170560619324305
2499.4913770473086,0.051700683040069674
2501.669076067048,0.051695730358672934
2503.8461931890597,0.05169080885291441
2505.9961890337636,0.05168597771333151
2508.172150149023,0.05168111739227023
2510.321004539366,0.0516763461808325
2512.4958105683527,0.05167154601656512
2514.670035858693,0.05166677573345433
2516.8171762753245,0.051662092714940565
2518.990247861102,0.051657381084170555
2521.1362490962783,0.05165275551875666
2523.3081678955277,0.05164810156559381
2525.479507112139,0.05164347626606754
2527.6237977854,0.05163893527055191
2529.7939855935256,0.0516343662215916
2531.9371393522088,0.051629880331489
2534.106176667452,0.05162536660825344
2536.2746355529944,0.05162088037396828
2538.4160821525074,0.05161647561619591
2540.5833919195593,0.05161204335325928
2542.7237038653584,0.05160769147276153
2544.8898654270906,0.051603312303180965
2547.0554497090034,0.051598959516865266
2549.1940578893664,0.05159468550527282
2551.358495336708,0.051590384526191725
2553.495971118233,0.05158616127602798
2555.6592626417623,0.051581911270208954
2557.7956069236207,0.05157773796604034
2559.957753433131,0.0515735381163511
2562.1193242669815,0.05156936319484416
2564.253969517871,0.051565263464916904
2566.4143967033724,0.05156113750212099
2568.5479127011204,0.05155708574827582
2570.707197145657,0.051553007967447925
2572.839584786112,0.0515490034300969
2574.9977273961103,0.051544973069955057
2577.155295928673,0.05154096628257377
2579.2859892550987,0.051537031318953076
2581.4424173137413,0.05153307083627586
2583.5719845210842,0.0515291812532149
2585.727273009834,0.051525266351063574
2587.85571499063,0.051521421440276896
2590.0098648125622,0.051517551408685316
2592.1371824583985,0.05151375047575978
2594.2901945156354,0.051509924618639076
2596.416388717158,0.05150616698270778
2598.5682639108672,0.05150238461752107
2600.7195675259045,0.051498623877851146
2602.8440747881796,0.05149493006839194
2604.994242892417,0.051491211819556924
2607.1176289356154,0.05148755966016042
2609.2666624278336,0.051483883252175615
2611.388928139315,0.05148027210698375
2613.53682791736,0.05147663690234449
2615.657974183545,0.051473066147684106
2617.8047411443094,0.05146947152107823
2619.924768850684,0.051465940545180784
2622.070403890115,0.05146238588320888
2624.189313921235,0.051458894085937824
2626.3338179343355,0.05145537878684071
2628.451611173823,0.05145192557942604
2630.5949850546513,0.0514484490528198
2632.7116623852,0.051445033857599624
2634.8539070268725,0.05144159552421742
2636.995583922413,0.051438176189036955
2639.110585624936,0.0514348170658274
2641.251134621967,0.05143143507355664
2643.36502262091,0.05142811256367647
2645.5044446101965,0.05142476736178841
2647.6172197849974,0.05142148092454764
2649.7555156563685,0.051418171970780774
2651.8671788855354,0.05141492107551587
2654.004349527884,0.051411647837645284
2656.1149016890085,0.051408431963496065
2658.2509479902837,0.05140519391911037
2660.360389960035,0.051402012554802534
2662.4953128072593,0.051398809191086775
2664.603645461377,0.0513956618347201
2666.7374457406404,0.05139249264824395
2668.8446699539472,0.051389378807086085
2670.9773485504065,0.051386243303597805
2673.0834651968034,0.05138316249388305
2675.1890317819416,0.05138009792135857
2677.3200329471565,0.05137701193484201
2679.424493271843,0.05137397968592829
2681.554374960371,0.05137092618705571
2683.6577298962166,0.051367925799531894
2685.786492989966,0.051364904324601744
2687.8887434076696,0.05136193534455008
2690.0163887876224,0.05135894543817519
2692.1175355569594,0.051356007419801966
2694.2440641031753,0.05135304863473048
2696.3441080930206,0.05135014114019137
2698.4695206846336,0.05134721303713234
2700.5684627629435,0.05134433563636218
2702.6927602781634,0.05134143778381533
2704.7906013119828,0.05133859005436221
2706.913784628103,0.051335722028452026
2709.010525483569,0.051332903555315404
2711.106719946507,0.051330099468503455
2713.228237019299,0.05132727531510219
2715.3233325987367,0.051324499876961756
2717.4437376589467,0.05132170452404775
2719.537735218755,0.05131895733750323
2721.6570291404623,0.051316190386617964
2723.7499295436064,0.05131347106150989
2725.8681131999747,0.05131073212112271
2727.959917308519,0.051308040274063174
2730.076991571792,0.051305328959426695
2732.1677002468914,0.05130266421365808
2734.257864885518,0.05130001279728711
2736.373280090327,0.05129734213192423
2738.462350582922,0.0512947172649556
2740.576658568598,0.05129207329335381
2742.6646357740756,0.05128947461499133
2744.777837409676,0.05128685697503596
2746.8647221860465,0.051284284130646576
2748.951064417719,0.05128172399397076
2751.0626115440955,0.05127914510738491
2753.14786262937,0.05127661028506363
2755.258305571686,0.05127405685263128
2757.342466366332,0.05127154700487469
2759.4518059904713,0.05126901868552819
2761.534877349368,0.05126653347828022
2763.617407649899,0.05126406039319776
2765.725097297436,0.05126156904151954
2767.8065394402456,0.05125912010734969
2769.9131279277135,0.051256653041965285
2771.993482765445,0.05125422793846747
2774.0732976027866,0.05125181455975311
2776.178239339979,0.05124938325017183
2778.2569681469377,0.05124699323269604
2780.36081087654,0.05124458541666632
2782.4384545035427,0.05124221845332101
2784.541199086034,0.05123983382252593
2786.617758382621,0.05123748961127976
2788.6937791558667,0.051235156595498994
2790.7948814924002,0.051232806106288026
2792.869819205278,0.051230495399754675
2794.9698255393323,0.05122816734792619
2797.0436810391675,0.05122587866085005
2799.116999067035,0.051223600809643645
2801.2153663613244,0.051221305802769485
2803.2876034428937,0.05121904954604266
2805.3593036814873,0.051216803916580275
2807.4560338541523,0.05121454131849435
2809.526654411213,0.05121231686883284
2811.6222920001655,0.05121007557407843
2813.6918337194984,0.05120787203278798
2815.760839642857,0.05120567878194997
2817.85484330305,0.05120346886883624
2819.922771650159,0.05120129612820815
2822.015684856806,0.05119910684604524
2824.0825364692755,0.05119695435496475
2826.1488533300508,0.05119481183088607
2828.2401357925064,0.05119265294396406
2830.3053771768464,0.05119053028700247
2832.3700844342475,0.05118841740927267
2834.459738057718,0.05118628834496538
2836.5233710949233,0.05118419496099375
2838.5864706289685,0.05118211117292707
2840.6744973156983,0.051180011372158586
2842.736523883834,0.05117794671330442
2844.8234647818463,0.051175866156588805
2846.884419220889,0.05117382038820503
2848.944841195096,0.05117178391947652
2851.0301583227847,0.05116973172285306
2853.089509418931,0.05116771379419874
2855.148328671443,0.051165704993121223
2857.2320239231594,0.05116368063181764
2859.289773546694,0.051161690028583416
2861.3469919468207,0.05115970838484794
2863.429067213976,0.05115771134629155
2865.4852172322717,0.05115574756610541
2867.54083664642,0.05115379258122865
2869.6212938174867,0.05115182236470597
2871.6758460950114,0.05114988491680057
2873.72986838669,0.05114795610379592
2875.808709347204,0.051146012220123285
2877.8616657455314,0.0511441006250142
2879.9140927753597,0.0511421975080734
2881.9913194079218,0.05114027947927829
2884.0426817857388,0.05113839326845258
2886.0935154114395,0.05113651538263778
2888.169129595739,0.05113462274165027
2890.2188998088423,0.05113276145726507
2892.268141885257,0.05113090834821062
2894.34214549806,0.05112904063856487
2896.3903253993685,0.0511272038331558
2898.4379777784598,0.05112537505677958
2900.5103726936213,0.0511235318323248
2902.5569641331767,0.05112171906852325
2904.603028664038,0.05111991419074734
2906.673816752509,0.0511180950153679
2908.718821577493,0.05111630586562769
2910.7633001063496,0.05111452446210763
2912.8324832361795,0.051112728909451996
2914.875903290902,0.05111096295578448
2916.9187976611174,0.05110920461164729
2918.9611665496504,0.05110745383233829
2921.02821482338,0.05110568909858307
2923.0695268754607,0.0511039534081733
2925.1103140562154,0.05110222514992284
2927.1757617163003,0.051100483081130146
2929.2154932879057,0.05109876964776406
2931.254700597603,0.05109706351681359
2933.318549502468,0.05109534371731672
2935.356702428415,0.05109365215304389
2937.39433170092,0.051091967764290744
2939.431437521771,0.051090290509548664
2941.4931598183794,0.05108859977248014
2943.5292128847286,0.051086936749249044
2945.5647431066354,0.05108528073681003
2947.624870970658,0.05108361137970181
2949.6593496590485,0.05108196935352332
2951.6933061092823,0.05108033421759425
2953.726740522412,0.05107870593247804
2955.784747525391,0.05107706448323512
2957.8171320283873,0.051075449865944166
2959.84899509931,0.05107384198238004
2961.905411976757,0.051072221068158966
2963.936226354135,0.05107062661934956
2965.9665199035353,0.05106903878969764
2967.996292825288,0.051067457541715204
2970.0505945682253,0.051065863438139035
2972.0793204139773,0.05106429532221001
2974.1075262349386,0.05106273367663282
2976.135212231031,0.05106117846498017
2978.1874021010735,0.051059610569753486
2980.2140426353744,0.05105806819601905
2982.240163946424,0.0510565321480324
2984.2657662337333,0.05105500239039125
2986.315847485792,0.05105346011821337
2988.3404059222084,0.051051942912630335
2990.364445935258,0.0510504318922506
2992.3879677240493,0.05104892702266208
2994.435943606355,0.05104740980465162
2996.4584231518456,0.0510459172092571
2998.480385072222,0.051044430662444025
3000.5018295661757,0.051042950130757325
3002.547703320284,0.05104145741389971
3004.5681071752297,0.05103998888627046
3006.587994201669,0.05103852627439221
3008.6073645978886,0.051037069545734885
3010.6511394587105,0.05103560079235122
3012.6694708169216,0.051034155805084504
3014.687286141607,0.05103271660440336
3016.7045856306413,0.05103128315867215
3018.74626482645,0.05102983784590902
3020.7625268751945,0.05102841588612337
3022.778273683756,0.051026999587301676
3024.79350544961,0.05102558891867307
3026.833092202063,0.05102416653801199
3028.8472881220714,0.051022767106867525
3030.8609695936157,0.05102137321449242
3032.8741368137726,0.0510199848309523
3034.886789979506,0.05101860192651703
3036.923767303415,0.05101720749997496
3038.935386610543,0.05101583553210156
3040.946492455976,0.05101446895499262
3042.9570850362798,0.051013107739720544
3044.9919771389923,0.05101173515147466
3047.0015374478007,0.051010384639186675
3049.010585082995,0.051009039402773244
3051.0191202407386,0.05100769941408339
3053.027143117095,0.05100636464515564
3055.05943479264,0.0510050186860157
3057.0664273756083,0.05100369433706512
3059.0729082671933,0.05100237512477758
3061.078877663058,0.05100106102193708
3063.084335758762,0.0509997520015097
3065.114031988658,0.05099843196979078
3067.1184617640283,0.05099713309572769
3069.122380827739,0.05099583922372748
3071.1257893749535,0.05099455032747199
3073.1286876007325,0.050993266380817893
3075.155793353786,0.05099197159804726
3077.1576652272543,0.0509906975331648
3079.159027366286,0.05098942834017335
3081.159879965544,0.05098816399361706
3083.1602232195946,0.050986904468208034
3085.184743451935,0.050985634278204524
3087.1840623166754,0.05098438437863815
3089.182872421714,0.0509831392250445
3091.181173961215,0.05098189879279619
3093.17896712925,0.05098066305742717
3095.2009067843665,0.050979416825423056
3097.1976775210915,0.050978190468291246
3099.1939404703608,0.05097696873530084
3101.1896958258476,0.05097575160262051
3103.1849437811234,0.05097453904657406
3105.179684529672,0.050973331043639145
3107.198535266898,0.05097211274096145
3109.1922559261966,0.050970913829783644
3111.1854699609903,0.05096971940177772
3113.178177564363,0.0509685294340267
3115.1703789293006,0.050967343903761564
3117.1620742486884,0.05096616278836006
3119.1778431410385,0.05096497156525545
3121.1685207060837,0.0509637992661083
3123.1586928060333,0.050962631314554405
3125.1483596333783,0.050961467688549124
3127.137521380517,0.050960308366189006
3129.126178239745,0.050959153325710625
3131.138872338641,0.050957988364858764
3133.126513771318,0.05095684187560549
3135.1136508947675,0.05095569960351088
3137.1002839008925,0.05095456152736276
3139.086412981511,0.05095342762608385
3141.0720383283297,0.050952297878730575
3143.0816646637104,0.05095115839376115
3145.0662769046758,0.05095003694260024
3147.0503859887613,0.05094891958307353
3149.033992107288,0.05094780629476376
3151.017095451485,0.050946697057382424
3152.9996962124787,0.05094559185076875
3154.9817945813065,0.05094449065488866
3156.987851761636,0.05094337992894829
3158.9689397223683,0.05094228674383754
3160.9495258658008,0.05094119750986719
3162.92961038258,0.050940112207502206
3164.9091934632506,0.050939030817329485
3166.888275298268,0.050937953320057086
3168.8668560779824,0.05093687969651325
3170.8449359926562,0.050935809927645445
3172.84692666302,0.050934730858742075
3174.8239992403633,0.050933668789547
3176.8005715252057,0.05093261051834709
3178.7766437074206,0.05093155602655959
3180.752215976783,0.050930505295716536
3182.727288522976,0.05092945830746401
3184.701861535579,0.05092841504356124
3186.675935204088,0.05092737548587983
3188.6738717168955,0.05092632685086334
3190.6469411064045,0.050925294696885365
3192.6195117220395,0.05092426619519007
3194.5915837529083,0.05092324132809142
3196.5631573880164,0.0509222200780116
3198.5342328162787,0.050921202427480175
3200.50481022651,0.05092018835913335
3202.4748898074376,0.05091917785571321
3204.468784465118,0.05091815849061431
3206.4378628130125,0.05091715510917629
3208.406443899521,0.05091615524130983
3210.3745279129853,0.05091515887017395
3212.342115041649,0.050914165979029626
3214.3092054736608,0.0509131765512391
3216.275799397077,0.050912190570265144
3218.24189699986,0.050911208019670286
3220.207498469874,0.05091022888311623
3222.172603994888,0.05090925314436286
3224.1614651069303,0.05090826880392404
3226.1255731879046,0.050907299853892744
3228.089185888937,0.05090633425332875
3230.052303397415,0.05090537198637949
3232.014925900641,0.05090441303728722
3233.9770535858133,0.05090345739038836
3235.93868664004,0.05090250503011276
3237.8998252503334,0.05090155594098313
3239.860469603611,0.05090061010761422
3241.820619886699,0.05089966751471229
3243.780276286325,0.0508987281470744
3245.763623098639,0.05089778045208525
3247.722286199609,0.05089684752907905
3249.680455979049,0.05089591778608262
3251.6381326233095,0.05089499120825082
3253.5953163186514,0.050894067780826176
3255.552007251239,0.050893147489138195
3257.508205607148,0.05089223031860271
3259.4639115723494,0.050891316254721285
3261.4191253327353,0.05089040528308067
3263.3738470740936,0.05088949738935213
3265.328076982123,0.05088859255929087
3267.281815242426,0.050887690778735374
3269.235062040514,0.05088679203360698
3271.187817561804,0.05088589630990914
3273.1641809535413,0.05088499259127549
3275.1159484176987,0.05088410290564783
3277.0672251630403,0.05088321619977904
3279.0180113746046,0.050882332459996536
3280.9683072373446,0.05088145167270698
3282.918112936117,0.05088057382439586
3284.867428655685,0.050879698901626844
3286.8162545807227,0.05087882689104125
3288.764590895804,0.05087795777935755
3290.7124377854234,0.05087709155337079
3292.6597954339686,0.050876228199952085
3294.606664025745,0.050875367706048016
3296.553043744956,0.05087451005868026
3298.498934775722,0.05087365524494489
3300.4443373020604,0.050872803252011975
3302.3892515079096,0.050871954067125046
3304.333677577106,0.050871107677600565
3306.277615693394,0.050870264070827446
3308.2210660404307,0.050869423234266554
3310.1880129501824,0.05086857482597933
3312.1304822931434,0.05086773952632673
3314.0724644195234,0.05086690695954388
3316.0139595126075,0.05086607711337536
3317.9549677555933,0.05086524997563526
3319.8954893315786,0.05086442553420664
3321.8355244235736,0.05086360377704117
3323.775073214496,0.050862784692158595
3325.7141358871704,0.050861968267646225
3327.6527126243327,0.05086115449165862
3329.5908036086203,0.050860343352417015
3331.5284090225923,0.05085953483820882
3333.4655290487062,0.05085872893738733
3335.4021638693284,0.05085792563837115
3337.338313666736,0.05085712492964385
3339.273978623116,0.05085632679975339
3341.2091589205575,0.05085553123731183
3343.1438547410726,0.050854738230994824
3345.0780662665693,0.05085394776954114
3347.0117936788665,0.05085315984175243
3348.9450371596977,0.0508523744364925
3350.8777968906998,0.05085159154268723
3352.8100730534225,0.05085081114932388
3354.741865829319,0.05085003324545087
3356.673175399763,0.0508492578201772
3358.604001946027,0.05084848486267224
3360.5343456492938,0.05084771436216515
3362.4642066906617,0.05084694630794461
3364.393585251133,0.05084618068935832
3366.322481511619,0.05084541749581269
3368.250895652949,0.05084465671677239
3370.1788278558506,0.05084389834176002
3372.1062783009693,0.05084314236035565
3374.033247168856,0.05084238876219653
3375.9597346399714,0.05084163753697666
3377.885740894688,0.05084088867444637
3379.8112661132855,0.05084014216441206
3381.7363104759625,0.05083939799673573
3383.6608741628133,0.05083865616133465
3385.5849573538544,0.050837916648181054
3387.5085602290055,0.05083717944730164
3389.4316829680993,0.05083644454877737
3391.3543257508773,0.050835711942742966
3393.2764887569883,0.0508349816193867
3395.198172166005,0.05083425356894995
3397.1193761573923,0.05083352778172687
3399.040100910539,0.050832804248064016
3400.9603466047374,0.05083208295836012
3402.880113419191,0.05083136390306564
3404.799401533015,0.050830647072682415
3406.7182111252405,0.05082993245776341
3408.6365423747993,0.05082922004891237
3410.5543954605437,0.050828509836783387
3412.4717705612275,0.050827801812080735
3414.3886678555227,0.0508270959655584
3416.3050875220106,0.050826392288019835
3418.2210297391775,0.05082569077031767
3420.1364946854337,0.050824991403353316
3422.051482539089,0.05082429417807664
3423.9659934783704,0.05082359908548582
3425.880027681409,0.0508229061166268
3427.793585326257,0.050822215262593125
3429.7066665908696,0.05082152651452565
3431.6192716531204,0.050820839863612174
3433.53140069079,0.05082015530108712
3435.4430538815704,0.05081947281823133
3437.3542314030674,0.05081879240637169
3439.241347417028,0.05081812241902713
3441.151579999416,0.05081744609801999
3443.061337442614,0.05081677182236831
3444.970619923877,0.050816099583579716
3446.879427620368,0.050815429373206586
3448.787760709165,0.050814761182845565
3450.695619367254,0.05081409500413739
3452.6030037715336,0.050813430828766576
3454.509914098824,0.050812768648461105
3456.416350525844,0.05081210845499227
3458.3223132292314,0.050811450240174215
3460.2278023855342,0.050810793995863884
3462.1328181712142,0.050810139713960596
3464.037360762646,0.050809487386405755
3465.941430336112,0.05080883700518273
3467.8450270678168,0.05080818856231651
3469.7481511338665,0.05080754204987341
3471.6508027102864,0.05080689745996088
3473.552981973011,0.05080625478472718
3475.454689097891,0.05080561401636124
3477.332455098307,0.05080498302282028
3479.2332242981447,0.05080434602161424
3481.1335218849927,0.05080371090417828
3483.0333480343506,0.050803077662860636
3484.9327029216347,0.05080244629004887
3486.8315867221663,0.05080181677816968
3488.7299996111924,0.05080118911968859
3490.6279417638634,0.0508005633071098
3492.5254133552444,0.05079993933297583
3494.422414560315,0.050799317189867334
3496.3189455539687,0.05079869687040295
3498.215006511011,0.05079807836723888
3500.110597606159,0.050797461673068874
3502.0057190140487,0.05079684678062381
3503.8769830068304,0.05079624124087083
3505.7711713569915,0.0507956299081944
3507.6648905411184,0.05079502035574476
3509.5581407334994,0.050794412576398995
3511.450922108339,0.05079380656307017
3513.343234839751,0.050793202308707264
3515.235079101765,0.05079259980629488
3517.1264550683245,0.05079199904885312
3519.017362913286,0.05079140002943719
3520.9078028104195,0.05079080274113737
3522.7977749334077,0.05079020717707866
3524.687279455855,0.05078961333042074
3526.552997954681,0.05078902849427779
3528.4415735639996,0.05078843804104369
3530.329682090918,0.05078784928497747
3532.217323708688,0.05078726221937454
3534.104498590488,0.05078667683756381
3535.9912069094007,0.05078609313290758
3537.8774488384242,0.05078551109880122
3539.7632245504756,0.0507849307286731
3541.6485342183805,0.05078435201598428
3543.533378014883,0.05078377495422837
3545.3944950240057,0.050783206630849
3547.278413341781,0.050782632831385684
3549.1618663037425,0.050782060663608415
3551.0448540822963,0.05078149012113857
3552.9273768497605,0.05078092119762919
3554.8094347783663,0.05078035388676474
3556.6910280402626,0.050779788182260775
3558.572156807515,0.05077922407786396
3560.4528212521,0.05077866156735173
3562.3098120256673,0.05077810755985063
3564.189554067596,0.050777548199074755
3566.068832300167,0.05077699041377452
3567.9476468950143,0.05077643419784851
3569.825998023698,0.05077587954522528
3571.7038858576834,0.05077532644986305
3573.581310568359,0.050774774905749685
3575.4582723270287,0.050774224906902414
3577.3347713049025,0.050773676447367716
3579.187649549973,0.05077313626407113
3581.063229187659,0.05077259084659491
3582.9383465555857,0.050772046950816566
3584.8130018246393,0.05077150457089737
3586.6871951656103,0.050770963701027044
3588.560926749218,0.05077042433542345
3590.434196746086,0.05076988646833254
3592.283887045569,0.05076935670685521
3594.156240073864,0.05076882180131435
3596.028132024694,0.05076828837726047
3597.8995630683603,0.0507677564290497
3599.770533375071,0.05076722595106545
3601.641043114947,0.05076669693771816
3603.511092458035,0.050766169383445234
3605.380681574292,0.050765643282710805
3607.226737770303,0.05076512509839359
3609.095412619021,0.05076460187045899
3610.963627748186,0.05076408007968157
3612.831383327424,0.05076355972063065
3614.6986795262765,0.050763040787901566
3616.5655165141998,0.05076252327611554
3618.4318944605693,0.05076200717991938
3620.274780293619,0.050761498839556496
3622.140246326646,0.05076098554126986
3624.005253823656,0.050760473642731486
3625.8698029536954,0.05075996313868924
3627.733893885721,0.05075945402391596
3629.5975267886133,0.05075894629320936
3631.4607018311635,0.050758439941391786
3633.300425461277,0.05075794118925303
3635.1626909366005,0.05075743756291343
3637.0244990553856,0.05075693530013948
3638.885849986098,0.05075643439585063
3640.7467438971216,0.05075593484499019
3642.6071809567493,0.05075543664252545
3644.4442013960524,0.050754945909340037
3646.3037308924177,0.05075445037216988
3648.1628040397154,0.050753956168499904
3650.021421005915,0.05075346329339116
3651.8795819588995,0.05075297174192774
3653.7372870664767,0.050752481509216955
3655.57161026848,0.05075199861843308
3657.4284098108783,0.05075151099250916
3659.2847540087205,0.05075102467085587
3661.140643029481,0.050750539648671045
3662.996077040554,0.050750055921174965
3664.8510562092506,0.05074957348361013
3666.6826881099933,0.05074909826357762
3668.536763705737,0.05074861837591154
3670.3903849584894,0.0507481397640945
3672.243552035232,0.0507476624234566
3674.0962651028713,0.05074718634934967
3675.948524328225,0.050746711537146987
3677.777470846344,0.050746243820953434
3679.6288284851325,0.05074577150332709
3681.479732779555,0.05074530043390927
3683.3301838961124,0.05074483060815797
3685.180182001215,0.050744362021552206
3687.0068961292545,0.050743900431860015
3688.8559942979846,0.05074343429490543
3690.704639951966,0.050742969383712734
3692.5528332572867,0.05074250569384331
3694.400574379959,0.050742043220878864
3696.247863485909,0.05074158196042141
3698.071903035141,0.050741127580403535
3699.918294180452,0.05074066871701155
3701.7642338042933,0.050740211053106395
3703.609722072266,0.05073975458436971
3705.454759149896,0.050739299306502825
3707.276575284368,0.050738850814074934
3709.120716042715,0.050738397890559346
3710.96440610476,0.050737946145187104
3712.8076456357066,0.05073749557373705
3714.6504348006747,0.050737046172007264
3716.4700315832615,0.05073660346250599
3718.3119260663043,0.05073615637337439
3720.1533706762075,0.050735710441522225
3721.9943655777734,0.050735265662822965
3723.834910935717,0.050734822033168696
3725.6522924193996,0.050734385004280264
3727.4919447287884,0.05073394364640621
3729.331147986197,0.050733503425414314
3731.169902356025,0.05073306433727006
3733.0082080025895,0.050732626377957085
3734.823378230487,0.05073219492965377
3736.660792457895,0.050731759202212866
3738.497758452484,0.05073132459171091
3740.334276378253,0.05073089109420289
3742.1476815980477,0.05073046403714469
3743.983309404519,0.05073003274024015
3745.818489631665,0.050729602544648235
3747.653222443163,0.050729173446493865
3749.487508002614,0.05072874544191928
3751.298709217488,0.05072832379100906
3753.132106279918,0.05072789794870611
3754.965056578607,0.05072747318855924
3756.797560276833,0.05072704950677861
3758.607002268027,0.050726632110427765
3760.4386187634173,0.05072621056088017
3762.269789145701,0.05072579007847617
3764.1005135778432,0.05072537065949252
3765.930792222729,0.05072495230022254
3767.7380374282,0.05072454014244442
3769.567430485449,0.05072412387857727
3771.396378241612,0.05072370866344656
3773.224880859263,0.050723294493410336
3775.030372600231,0.05072288645886053
3776.857990918783,0.050722474355360425
3778.6851645840507,0.05072206328616916
3780.5118937582865,0.05072165324770829
3782.33817860367,0.05072124423641498
3784.141480746617,0.05072084127940061
3785.966882901055,0.0507204342992443
3787.7918412106937,0.050720028335703896
3789.616355837392,0.05071962338527842
3791.4179102498983,0.05071922442526425
3793.2415434685736,0.050718821478226074
3795.0647334874266,0.0507184195339338
3796.8874804680036,0.0507180185889469
3798.6872896896475,0.05071762357142545
3800.509156542639,0.05071722460255564
3802.330580839536,0.05071682662280105
3804.151562741574,0.05071642962878041
3805.949629307017,0.050716038500184246
3807.7697323594257,0.050715643455479964
3809.589393498223,0.05071524938649454
3811.40861288433,0.05071485628990474
3813.204939323323,0.05071446899758706
3815.0232811352907,0.05071407782397265
3816.841181674881,0.05071368761291028
3818.658641102713,0.05071329836113343
