Wavenumber (cm^-1),Intensity (a.u.)
172.736,1373.7
175.633,1374.46
178.529,1376.64
181.425,1373.62
184.319,1374.36
187.212,1375.78
190.105,1375.52
192.996,1378.16
195.886,1376.16
198.775,1376.52
201.664,1378.26
204.551,1376.3
207.437,1375.8
210.323,1376.06
213.207,1376.24
216.09,1377.26
218.973,1377.46
221.854,1377.68
224.735,1375.66
227.614,1376.48
230.492,1377.96
233.37,1376.92
236.246,1376.8
239.122,1374.54
241.996,1376.92
244.87,1377.08
247.742,1375.94
250.614,1376.3
253.484,1374.62
256.354,1377.44
259.222,1377.64
262.09,1374.62
264.956,1378.22
267.822,1377.04
270.687,1374.4
273.55,1374.1
276.413,1375.62
279.275,1375.26
282.135,1375.24
284.995,1375.52
287.854,1374.94
290.711,1374.62
293.568,1373.56
296.424,1373.56
299.279,1373.98
302.133,1373.26
304.986,1375.08
307.838,1373.6
310.689,1373.82
313.538,1372.3
316.387,1373.4
319.236,1373.96
322.083,1374.44
324.929,1372.16
327.774,1373.08
330.618,1373.24
333.461,1373.12
336.303,1372.54
339.145,1371.4
341.985,1372.48
344.824,1372.02
347.663,1371.68
350.5,1371.06
353.336,1372.92
356.172,1370.82
359.006,1371.28
361.84,1371.24
364.672,1371.04
367.504,1369.1
370.335,1371.18
373.164,1370.14
375.993,1370.98
378.821,1370.3
381.648,1370.34
384.473,1371.06
387.298,1370.16
390.122,1372.34
392.945,1368.1
395.767,1368.96
398.588,1371.0
401.408,1369.66
404.227,1370.22
407.046,1370.16
409.863,1370.46
412.679,1371.7
415.494,1368.34
418.309,1368.34
421.122,1371.26
423.935,1369.92
426.746,1369.66
429.557,1369.42
432.366,1369.44
435.175,1370.4
437.983,1368.68
440.79,1372.22
443.595,1369.68
446.4,1369.62
449.204,1369.78
452.007,1370.2
454.809,1368.7
457.61,1368.08
460.41,1368.88
463.21,1369.36
466.008,1369.18
468.805,1369.52
471.602,1368.5
474.397,1369.02
477.192,1369.18
479.985,1368.44
482.778,1367.98
485.569,1370.64
488.36,1367.94
491.15,1371.32
493.939,1370.94
496.727,1371.14
499.514,1371.48
502.3,1370.08
505.085,1371.02
507.869,1370.6
510.652,1371.4
513.435,1373.08
516.216,1375.38
518.996,1377.8
521.776,1380.66
524.554,1382.24
527.332,1382.66
530.109,1383.2
532.885,1378.08
535.659,1375.34
538.433,1374.72
541.206,1374.54
543.978,1373.14
546.75,1373.02
549.52,1371.4
552.289,1371.72
555.057,1371.54
557.825,1370.52
560.591,1369.78
563.357,1370.28
566.122,1370.64
568.885,1369.26
571.648,1370.5
574.41,1370.08
577.171,1369.64
579.931,1369.42
582.69,1369.02
585.448,1368.96
588.206,1369.38
590.962,1367.74
593.717,1368.26
596.472,1368.78
599.225,1368.68
601.978,1369.08
604.73,1367.92
607.481,1367.96
610.231,1368.1
612.98,1368.08
615.728,1366.86
618.475,1368.04
621.221,1367.66
623.967,1366.72
626.711,1366.96
629.454,1368.0
632.197,1366.7
634.939,1365.34
637.68,1365.42
640.419,1367.06
643.158,1367.18
645.896,1367.66
648.634,1366.6
651.37,1366.4
654.105,1367.92
656.84,1367.18
659.573,1366.06
662.306,1366.38
665.037,1367.5
667.768,1367.6
670.498,1367.72
673.227,1367.98
675.955,1366.38
678.682,1366.62
681.409,1366.32
684.134,1365.54
686.858,1366.32
689.582,1366.26
692.305,1367.6
695.026,1367.58
697.747,1367.96
700.467,1367.28
703.186,1368.1
705.905,1366.86
708.622,1367.7
711.338,1367.34
714.054,1366.5
716.768,1369.4
719.482,1369.66
722.195,1370.16
724.907,1370.6
727.618,1368.76
730.328,1371.34
733.037,1369.88
735.745,1370.12
738.453,1371.0
741.159,1371.86
743.865,1373.38
746.569,1371.12
749.273,1371.9
751.976,1373.48
754.678,1372.4
757.379,1371.08
760.08,1372.68
762.779,1374.06
765.478,1375.18
768.175,1372.96
770.872,1373.96
773.568,1373.08
776.263,1373.08
778.957,1373.78
781.65,1373.28
784.342,1375.14
787.034,1372.72
789.724,1373.84
792.414,1372.18
795.103,1372.56
797.791,1371.42
800.478,1374.26
803.164,1371.62
805.849,1371.12
808.533,1371.5
811.217,1368.14
813.899,1369.86
816.581,1370.3
819.262,1369.02
821.942,1370.88
824.621,1371.88
827.299,1368.28
829.977,1370.58
832.653,1370.14
835.329,1371.0
838.003,1371.9
840.677,1371.62
843.35,1370.9
846.022,1370.24
848.693,1369.44
851.364,1371.32
854.033,1370.5
856.702,1371.3
859.37,1371.24
862.036,1371.58
864.702,1369.9
867.367,1371.46
870.032,1372.18
872.695,1371.86
875.358,1371.54
878.019,1371.16
880.68,1370.94
883.34,1370.48
885.999,1370.76
888.657,1369.6
891.314,1372.5
893.971,1373.54
896.626,1372.72
899.281,1371.86
901.935,1371.54
904.588,1371.94
907.24,1372.1
909.891,1370.24
912.541,1370.42
915.191,1372.3
917.84,1370.94
920.487,1372.38
923.134,1371.88
925.78,1369.1
928.426,1370.6
931.07,1370.42
933.714,1369.2
936.356,1368.72
938.998,1368.14
941.639,1368.5
944.279,1367.08
946.918,1365.7
949.557,1365.06
952.194,1363.64
954.831,1362.54
957.466,1361.64
960.101,1362.26
962.735,1363.38
965.369,1360.88
968.001,1363.08
970.633,1360.4
973.263,1361.6
975.893,1361.16
978.522,1359.82
981.15,1360.98
983.777,1360.88
986.404,1359.98
989.029,1359.74
991.654,1360.68
994.278,1360.6
996.901,1360.92
999.523,1360.38
1002.14,1360.62
1004.77,1359.94
1007.38,1360.92
1010.0,1358.6
1012.62,1359.3
1015.24,1360.32
1017.85,1360.54
1020.47,1361.26
1023.08,1360.18
1025.7,1360.0
1028.31,1359.7
1030.92,1360.14
1033.53,1359.74
1036.14,1360.08
1038.75,1360.74
1041.36,1359.56
1043.97,1360.88
1046.58,1359.86
1049.18,1358.68
1051.79,1359.3
1054.39,1360.66
1057.0,1359.24
1059.6,1360.66
1062.2,1359.18
1064.8,1360.28
1067.4,1360.26
1070.0,1359.98
1072.6,1360.52
1075.2,1359.48
1077.8,1360.54
1080.39,1360.28
1082.99,1360.84
1085.58,1359.2
1088.18,1359.18
1090.77,1360.1
1093.36,1361.62
1095.95,1360.24
1098.54,1361.08
1101.13,1358.8
1103.72,1359.38
1106.31,1360.26
1108.9,1358.84
1111.48,1358.44
1114.07,1359.7
1116.65,1358.6
1119.24,1359.32
1121.82,1360.28
1124.4,1360.1
1126.98,1360.12
1129.56,1359.72
1132.14,1359.82
1134.72,1359.24
1137.3,1359.42
1139.87,1358.08
1142.45,1358.78
1145.03,1359.0
1147.6,1359.96
1150.17,1359.74
1152.75,1357.92
1155.32,1360.12
1157.89,1358.88
1160.46,1359.76
1163.03,1357.76
1165.6,1360.12
1168.17,1359.72
1170.74,1360.2
1173.3,1358.94
1175.87,1360.38
1178.43,1359.0
1181.0,1360.18
1183.56,1359.66
1186.12,1360.82
1188.68,1360.84
1191.24,1358.74
1193.8,1359.66
1196.36,1360.86
1198.92,1358.82
1201.48,1360.08
1204.04,1358.92
1206.59,1358.6
1209.15,1358.24
1211.7,1359.76
1214.25,1359.98
1216.81,1358.56
1219.36,1359.6
1221.91,1359.28
1224.46,1358.24
1227.01,1359.82
1229.56,1360.96
1232.1,1358.02
1234.65,1359.04
1237.2,1359.7
1239.74,1358.84
1242.29,1359.88
1244.83,1360.08
1247.37,1359.22
1249.92,1359.76
1252.46,1358.94
1255.0,1360.2
1257.54,1360.5
1260.08,1359.88
1262.61,1360.6
1265.15,1358.78
1267.69,1359.22
1270.22,1359.54
1272.76,1359.3
1275.29,1359.04
1277.83,1359.52
1280.36,1360.6
1282.89,1359.98
1285.42,1359.54
1287.95,1359.98
1290.48,1359.16
1293.01,1358.68
1295.54,1358.74
1298.06,1359.86
1300.59,1360.06
1303.11,1359.1
1305.64,1360.56
1308.16,1358.7
1310.69,1359.62
1313.21,1361.36
1315.73,1359.34
1318.25,1358.9
1320.77,1360.58
1323.29,1360.54
1325.81,1359.48
1328.32,1359.7
1330.84,1360.2
1333.36,1360.12
1335.87,1359.78
1338.38,1360.62
1340.9,1360.5
1343.41,1361.7
1345.92,1360.36
1348.43,1359.1
1350.94,1361.84
1353.45,1359.7
1355.96,1360.32
1358.47,1360.44
1360.98,1360.0
1363.48,1360.42
1365.99,1362.02
1368.49,1360.66
1371.0,1360.54
1373.5,1361.14
1376.0,1360.7
1378.5,1359.58
1381.0,1360.48
1383.5,1360.46
1386.0,1361.4
1388.5,1359.86
1391.0,1360.76
1393.5,1359.7
1395.99,1360.0
1398.49,1360.52
1400.98,1360.7
1403.48,1360.34
1405.97,1359.54
1408.46,1360.24
1410.95,1360.48
1413.44,1359.82
1415.93,1359.86
1418.42,1360.42
1420.91,1359.56
1423.4,1360.98
1425.88,1359.34
1428.37,1360.86
1430.86,1360.42
1433.34,1359.18
1435.82,1359.88
1438.31,1359.36
1440.79,1360.74
1443.27,1358.84
1445.75,1359.5
1448.23,1361.38
1450.71,1360.44
1453.19,1360.92
1455.66,1358.82
1458.14,1359.3
1460.62,1358.22
1463.09,1358.68
1465.57,1358.98
1468.04,1359.18
1470.51,1358.26
1472.98,1360.34
1475.46,1358.12
1477.93,1359.8
1480.4,1359.1
1482.86,1359.46
1485.33,1359.36
1487.8,1359.24
1490.27,1359.68
1492.73,1359.24
1495.2,1359.62
1497.66,1359.54
1500.13,1359.46
1502.59,1359.96
1505.05,1358.3
1507.51,1359.36
1509.97,1359.34
1512.43,1357.92
1514.89,1359.14
1517.35,1358.66
1519.81,1358.62
1522.26,1358.76
1524.72,1359.52
1527.18,1358.48
1529.63,1359.58
1532.08,1358.96
1534.54,1358.16
1536.99,1358.76
1539.44,1358.84
1541.89,1359.04
1544.34,1360.54
1546.79,1359.22
1549.24,1360.06
1551.69,1358.44
1554.13,1359.32
1556.58,1359.78
1559.02,1360.08
1561.47,1358.88
1563.91,1359.92
1566.36,1360.18
1568.8,1359.32
1571.24,1360.12
1573.68,1359.68
1576.12,1359.06
1578.56,1359.82
1581.0,1359.66
1583.44,1359.46
1585.87,1358.74
1588.31,1359.18
1590.74,1361.08
1593.18,1359.06
1595.61,1358.9
1598.05,1357.48
1600.48,1358.38
1602.91,1357.92
1605.34,1359.06
1607.77,1359.96
1610.2,1358.32
1612.63,1360.02
1615.06,1356.98
1617.49,1358.58
1619.91,1357.66
1622.34,1357.48
1624.76,1356.92
1627.19,1358.6
1629.61,1358.54
1632.03,1358.34
1634.46,1357.3
1636.88,1357.14
1639.3,1356.76
1641.72,1356.94
1644.14,1356.58
1646.56,1355.88
1648.97,1357.16
1651.39,1356.18
1653.81,1356.94
1656.22,1356.78
1658.64,1356.46
1661.05,1356.44
1663.46,1357.02
1665.88,1357.66
1668.29,1357.42
1670.7,1357.5
1673.11,1355.72
1675.52,1356.78
1677.93,1356.1
1680.34,1356.56
1682.74,1356.42
1685.15,1356.24
1687.56,1356.58
1689.96,1355.68
1692.36,1356.46
1694.77,1356.3
1697.17,1357.42
1699.57,1356.2
1701.97,1356.38
1704.38,1357.52
1706.78,1356.3
1709.17,1356.1
1711.57,1356.3
1713.97,1356.58
1716.37,1355.88
1718.76,1355.62
1721.16,1356.64
1723.55,1355.72
1725.95,1356.2
1728.34,1356.42
1730.73,1355.5
1733.13,1355.28
1735.52,1354.94
1737.91,1355.48
1740.3,1355.06
1742.69,1356.34
1745.07,1355.58
1747.46,1356.12
1749.85,1356.14
1752.24,1354.46
1754.62,1356.04
1757.01,1354.9
1759.39,1354.7
1761.77,1355.52
1764.15,1356.94
1766.54,1356.02
1768.92,1354.3
1771.3,1355.2
1773.68,1355.68
1776.06,1356.66
1778.43,1355.36
1780.81,1355.82
1783.19,1356.32
1785.56,1354.54
1787.94,1356.9
1790.31,1355.68
1792.69,1355.34
1795.06,1355.9
1797.43,1355.46
1799.81,1356.02
1802.18,1356.34
1804.55,1354.16
1806.92,1356.04
1809.28,1355.34
1811.65,1355.74
1814.02,1355.6
1816.39,1354.88
1818.75,1354.22
1821.12,1355.16
1823.48,1355.48
1825.85,1354.6
1828.21,1354.6
1830.57,1356.12
1832.93,1354.88
1835.29,1355.22
1837.65,1355.78
1840.01,1354.46
1842.37,1353.58
1844.73,1353.88
1847.09,1355.42
1849.44,1354.88
1851.8,1354.5
1854.16,1354.7
1856.51,1354.8
1858.86,1355.0
1861.22,1355.1
1863.57,1355.56
1865.92,1355.08
1868.27,1354.06
1870.62,1355.58
1872.97,1354.78
1875.32,1354.26
1877.67,1354.96
1880.02,1355.68
1882.36,1353.82
1884.71,1354.8
1887.05,1355.5
1889.4,1353.98
1891.74,1355.2
1894.09,1355.2
1896.43,1354.72
1898.77,1355.0
1901.11,1354.76
1903.45,1354.1
1905.79,1355.22
1908.13,1353.54
1910.47,1354.34
1912.81,1354.64
1915.14,1354.2
1917.48,1353.9
1919.81,1354.64
1922.15,1356.24
1924.48,1353.86
1926.82,1355.0
1929.15,1354.12
1931.48,1354.66
1933.81,1354.1
1936.14,1355.42
1938.47,1355.52
1940.8,1354.08
1943.13,1354.2
1945.46,1354.34
1947.78,1354.36
1950.11,1353.38
1952.44,1352.86
1954.76,1355.2
1957.09,1354.88
1959.41,1354.88
1961.73,1354.58
1964.05,1353.62
1966.38,1353.28
1968.7,1354.32
1971.02,1354.38
1973.34,1353.38
1975.66,1353.6
1977.97,1353.92
1980.29,1355.14
1982.61,1354.82
1984.92,1353.84
1987.24,1353.9
1989.55,1355.56
1991.87,1354.44
1994.18,1353.7
1996.49,1353.3
1998.8,1354.1
2001.12,1354.7
2003.43,1353.88
2005.74,1353.66
2008.04,1355.14
2010.35,1354.18
2012.66,1354.58
2014.97,1355.02
2017.27,1354.06
2019.58,1355.72
2021.88,1354.78
2024.19,1354.56
2026.49,1354.06
2028.8,1354.08
2031.1,1355.24
2033.4,1354.06
2035.7,1354.54
2038.0,1353.94
2040.3,1353.88
2042.6,1353.98
2044.9,1354.7
2047.19,1353.18
2049.49,1354.16
2051.79,1353.36
2054.08,1354.42
2056.38,1354.44
2058.67,1353.72
2060.96,1354.06
2063.26,1354.06
2065.55,1353.4
2067.84,1354.42
2070.13,1353.02
2072.42,1355.06
2074.71,1353.74
2077.0,1355.54
2079.29,1354.96
2081.57,1353.54
2083.86,1353.02
2086.15,1353.18
2088.43,1353.98
2090.72,1353.36
2093.0,1353.54
2095.28,1352.98
2097.56,1354.26
2099.85,1353.48
2102.13,1354.82
2104.41,1353.08
2106.69,1354.26
2108.97,1353.44
2111.25,1354.36
2113.52,1354.06
2115.8,1353.38
2118.08,1353.78
2120.35,1353.64
2122.63,1354.08
2124.9,1354.76
2127.18,1353.46
2129.45,1355.22
2131.72,1353.88
2133.99,1354.68
2136.26,1353.64
2138.53,1353.6
2140.8,1353.7
2143.07,1352.2
2145.34,1354.58
2147.61,1353.34
2149.88,1353.98
2152.14,1352.76
2154.41,1353.14
2156.67,1354.58
2158.94,1353.42
2161.2,1355.42
2163.46,1354.28
2165.73,1355.02
2167.99,1354.68
2170.25,1353.06
2172.51,1355.38
2174.77,1353.6
2177.03,1353.86
2179.29,1353.84
2181.54,1353.44
2183.8,1353.0
2186.06,1354.02
2188.31,1353.84
2190.57,1354.16
2192.82,1353.48
2195.08,1354.44
2197.33,1352.9
2199.58,1354.7
2201.83,1353.48
2204.09,1352.44
2206.34,1354.86
2208.59,1354.12
2210.83,1353.6
2213.08,1353.86
2215.33,1353.7
2217.58,1353.16
2219.82,1354.4
2222.07,1353.36
2224.32,1354.08
2226.56,1353.86
2228.8,1353.26
2231.05,1354.18
2233.29,1353.04
2235.53,1353.02
2237.77,1354.14
2240.01,1353.44
2242.25,1353.0
2244.49,1353.64
2246.73,1353.88
2248.97,1353.66
2251.21,1353.74
2253.44,1353.08
2255.68,1353.28
2257.91,1353.58
2260.15,1353.38
2262.38,1353.74
2264.62,1352.64
2266.85,1353.84
2269.08,1354.38
2271.31,1354.16
2273.54,1353.12
2275.77,1353.48
2278.0,1353.5
2280.23,1352.96
2282.46,1353.3
2284.69,1353.58
2286.92,1354.34
2289.14,1353.28
2291.37,1354.44
2293.59,1354.16
2295.82,1352.16
2298.04,1356.34
2300.26,1353.66
2302.49,1353.9
2304.71,1354.62
2306.93,1352.76
2309.15,1352.6
2311.37,1353.76
2313.59,1352.56
2315.81,1351.96
2318.02,1354.04
2320.24,1352.86
2322.46,1353.1
2324.67,1353.46
2326.89,1353.16
2329.1,1353.54
2331.32,1354.74
2333.53,1353.48
2335.74,1352.42
2337.96,1354.32
2340.17,1353.26
2342.38,1353.54
2344.59,1353.22
2346.8,1353.62
2349.01,1353.28
2351.21,1353.08
2353.42,1354.36
2355.63,1354.3
2357.84,1354.1
2360.04,1353.66
2362.25,1353.4
2364.45,1353.46
2366.65,1352.9
2368.86,1352.86
2371.06,1353.58
2373.26,1353.16
2375.46,1354.44
2377.66,1354.42
2379.86,1353.6
2382.06,1353.02
2384.26,1353.42
2386.46,1354.42
2388.66,1353.72
2390.85,1355.04
2393.05,1353.3
2395.25,1353.2
2397.44,1352.8
2399.63,1353.06
2401.83,1352.84
2404.02,1353.58
2406.21,1352.28
2408.41,1352.62
2410.6,1353.14
2412.79,1352.62
2414.98,1353.74
2417.17,1352.42
2419.35,1353.74
2421.54,1352.48
2423.73,1352.64
2425.92,1354.04
2428.1,1353.04
2430.29,1352.28
2432.47,1354.28
2434.66,1353.24
2436.84,1354.0
2439.02,1353.22
2441.21,1353.72
2443.39,1352.26
2445.57,1354.7
2447.75,1353.24
2449.93,1353.62
2452.11,1353.6
2454.29,1353.96
2456.46,1353.8
2458.64,1353.48
2460.82,1352.98
2462.99,1353.92
2465.17,1354.14
2467.34,1353.84
2469.52,1352.22
2471.69,1354.4
2473.86,1353.28
2476.04,1353.64
2478.21,1353.84
2480.38,1353.36
2482.55,1353.84
2484.72,1354.24
2486.89,1352.1
2489.06,1353.54
2491.23,1353.96
2493.39,1353.1
2495.56,1353.68
2497.73,1354.1
2499.89,1353.82
2502.06,1353.68
2504.22,1353.28
2506.38,1352.54
2508.55,1353.38
2510.71,1352.92
2512.87,1353.96
2515.03,1353.34
2517.19,1353.76
2519.35,1353.02
2521.51,1354.1
2523.67,1352.82
2525.83,1352.78
2527.99,1353.9
2530.14,1352.84
2532.3,1354.26
2534.45,1353.92
2536.61,1352.94
2538.76,1353.22
2540.92,1354.0
2543.07,1353.22
2545.22,1353.6
2547.38,1353.96
2549.53,1353.76
2551.68,1353.0
2553.83,1353.42
2555.98,1354.16
2558.13,1353.82
2560.27,1353.76
2562.42,1352.86
2564.57,1354.88
2566.71,1351.98
2568.86,1354.78
2571.01,1353.1
2573.15,1354.04
2575.29,1354.42
2577.44,1354.2
2579.58,1353.42
2581.72,1352.68
2583.86,1353.12
2586.01,1353.04
2588.15,1352.84
2590.29,1353.74
2592.42,1353.16
2594.56,1354.26
2596.7,1352.44
2598.84,1353.0
2600.97,1352.9
2603.11,1353.66
2605.25,1352.74
2607.38,1353.6
2609.52,1353.16
2611.65,1353.26
2613.78,1354.08
2615.91,1354.64
2618.05,1353.58
2620.18,1354.26
2622.31,1352.58
2624.44,1354.44
2626.57,1353.52
2628.7,1354.16
2630.82,1354.14
2632.95,1353.1
2635.08,1354.08
2637.21,1353.16
2639.33,1352.58
2641.46,1354.7
2643.58,1352.88
2645.71,1352.8
2647.83,1353.26
2649.95,1353.44
2652.07,1352.58
2654.2,1353.6
2656.32,1354.48
2658.44,1353.6
2660.56,1353.04
2662.68,1353.32
2664.8,1354.24
2666.91,1354.56
2669.03,1353.06
2671.15,1351.84
2673.26,1352.4
2675.38,1351.58
2677.49,1354.38
2679.61,1354.0
2681.72,1354.12
2683.84,1353.04
2685.95,1352.72
2688.06,1355.1
2690.17,1353.1
2692.28,1352.22
2694.39,1352.58
2696.5,1353.08
2698.61,1352.56
2700.72,1353.1
2702.83,1353.2
2704.94,1352.34
2707.04,1352.84
2709.15,1353.18
2711.26,1352.56
2713.36,1353.8
2715.46,1353.6
2717.57,1353.84
2719.67,1352.64
2721.77,1353.88
2723.88,1352.6
2725.98,1353.32
2728.08,1354.08
2730.18,1353.26
2732.28,1355.18
2734.38,1354.16
2736.48,1353.54
2738.57,1353.5
2740.67,1353.56
2742.77,1354.16
2744.86,1353.36
2746.96,1354.14
2749.05,1353.6
2751.15,1354.52
2753.24,1354.92
2755.34,1353.16
2757.43,1352.94
2759.52,1353.04
2761.61,1353.44
2763.7,1352.7
2765.79,1353.82
2767.88,1354.4
2769.97,1353.84
2772.06,1353.08
2774.15,1352.1
2776.24,1352.92
2778.32,1353.46
2780.41,1353.94
2782.5,1353.88
2784.58,1352.88
2786.66,1353.1
2788.75,1354.58
2790.83,1353.6
2792.91,1352.94
2795.0,1353.52
2797.08,1353.62
2799.16,1353.7
2801.24,1353.14
2803.32,1352.64
2805.4,1353.56
2807.48,1354.2
2809.56,1353.08
2811.63,1352.6
2813.71,1353.52
2815.79,1353.9
2817.86,1354.08
2819.94,1352.68
2822.01,1353.2
2824.09,1352.4
2826.16,1354.14
2828.23,1353.7
2830.31,1353.26
2832.38,1353.7
2834.45,1351.88
2836.52,1353.78
2838.59,1352.96
2840.66,1353.3
2842.73,1353.24
2844.8,1354.36
2846.86,1352.7
2848.93,1352.92
2851.0,1352.86
2853.06,1354.02
2855.13,1353.74
2857.19,1351.26
2859.26,1353.6
2861.32,1353.62
2863.39,1352.36
2865.45,1353.62
2867.51,1353.9
2869.57,1353.12
2871.63,1353.72
2873.69,1352.52
2875.75,1352.08
2877.81,1353.52
2879.87,1353.56
2881.93,1353.58
2883.99,1353.52
2886.04,1352.64
2888.1,1353.8
2890.15,1352.0
2892.21,1353.44
2894.26,1353.94
2896.32,1353.42
2898.37,1354.0
2900.42,1353.9
2902.48,1352.8
2904.53,1353.22
2906.58,1354.18
2908.63,1353.56
2910.68,1354.34
2912.73,1352.86
2914.78,1353.64
2916.83,1352.64
2918.88,1353.14
2920.92,1352.52
2922.97,1352.74
2925.02,1353.42
2927.06,1352.34
2929.11,1352.26
2931.15,1353.5
2933.2,1352.18
2935.24,1352.7
2937.28,1353.78
2939.32,1352.82
2941.37,1352.54
2943.41,1352.4
2945.45,1353.64
2947.49,1353.24
2949.53,1353.72
2951.57,1352.84
2953.6,1352.6
2955.64,1352.68
2957.68,1353.38
2959.71,1352.76
2961.75,1352.3
2963.79,1353.4
2965.82,1354.12
2967.86,1353.96
2969.89,1354.04
2971.92,1352.02
2973.96,1353.22
2975.99,1352.8
2978.02,1353.58
2980.05,1353.1
2982.08,1352.66
2984.11,1352.6
2986.14,1352.98
2988.17,1352.12
2990.2,1352.52
2992.23,1352.1
2994.25,1353.46
2996.28,1353.44
2998.3,1353.54
3000.33,1352.88
3002.36,1352.62
3004.38,1352.34
3006.4,1352.9
3008.43,1353.38
3010.45,1352.6
3012.47,1353.32
3014.49,1353.26
3016.51,1353.66
3018.54,1353.4
3020.56,1352.92
3022.57,1353.88
3024.59,1352.68
3026.61,1352.76
3028.63,1352.32
3030.65,1353.92
3032.66,1352.84
3034.68,1352.52
3036.69,1352.62
3038.71,1353.16
3040.72,1352.28
3042.74,1352.7
3044.75,1352.04
3046.76,1352.98
3048.78,1353.28
3050.79,1352.28
3052.8,1353.02
3054.81,1353.12
3056.82,1351.88
3058.83,1352.94
3060.84,1352.92
3062.85,1353.52
3064.86,1354.1
3066.86,1353.38
3068.87,1353.12
3070.88,1353.78
3072.88,1352.5
3074.89,1353.04
3076.89,1353.46
3078.9,1352.06
3080.9,1352.66
3082.9,1352.92
3084.9,1352.6
3086.91,1352.54
3088.91,1351.82
3090.91,1352.74
3092.91,1351.94
3094.91,1352.16
3096.91,1353.98
3098.91,1353.04
3100.9,1352.58
3102.9,1353.54
3104.9,1352.34
3106.9,1352.68
3108.89,1352.94
3110.89,1353.08
3112.88,1351.96
3114.88,1351.76
3116.87,1352.62
3118.86,1353.1
3120.86,1352.96
3122.85,1352.42
3124.84,1352.58
3126.83,1352.66
3128.82,1353.4
3130.81,1352.1
3132.8,1352.1
3134.79,1352.64
3136.78,1352.48
3138.77,1352.0
3140.75,1353.62
3142.74,1351.98
3144.73,1352.82
3146.71,1352.6
3148.7,1352.14
3150.68,1352.06
3152.67,1353.94
3154.65,1353.02
3156.63,1352.0
3158.62,1351.64
3160.6,1353.02
3162.58,1352.5
3164.56,1352.38
3166.54,1352.76
3168.52,1351.24
3170.5,1352.2
3172.48,1352.18
3174.46,1351.86
3176.43,1352.18
3178.41,1352.58
3180.39,1352.2
3182.36,1352.58
3184.34,1351.28
3186.32,1351.5
3188.29,1351.74
3190.26,1352.0
3192.24,1352.08
3194.21,1353.16
3196.18,1352.52
3198.15,1352.5
3200.13,1351.32
3202.1,1352.0
3204.07,1352.52
3206.04,1353.44
3208.01,1352.78
3209.98,1352.92
3211.94,1352.26
3213.91,1352.52
3215.88,1351.84
3217.84,1351.86
3219.81,1351.14
3221.78,1353.1
3223.74,1352.04
3225.71,1352.36
3227.67,1351.96
3229.63,1352.42
3231.6,1352.06
3233.56,1351.14
3235.52,1352.52
3237.48,1352.72
3239.44,1351.32
3241.4,1352.8
3243.36,1351.32
3245.32,1351.4
3247.28,1352.26
3249.24,1351.56
3251.2,1351.74
3253.15,1352.26
3255.11,1352.1
3257.07,1352.46
3259.02,1351.88
3260.98,1352.44
3262.93,1352.5
3264.89,1351.82
3266.84,1350.26
3268.79,1352.64
3270.75,1353.32
3272.7,1352.66
3274.65,1351.98
3276.6,1352.96
3278.55,1351.78
3280.5,1352.66
3282.45,1351.48
3284.4,1352.34
3286.35,1351.42
3288.29,1351.26
3290.24,1351.86
3292.19,1352.3
3294.13,1351.2
3296.08,1352.08
3298.03,1351.78
3299.97,1351.46
3301.91,1352.34
3303.86,1351.7
3305.8,1352.06
3307.74,1351.82
3309.69,1351.9
3311.63,1352.36
3313.57,1352.08
3315.51,1351.72
3317.45,1351.66
3319.39,1352.12
3321.33,1352.84
3323.27,1352.32
3325.2,1352.5
3327.14,1352.14
3329.08,1353.22
3331.02,1352.7
3332.95,1351.18
3334.89,1352.12
3336.82,1352.22
3338.76,1351.62
3340.69,1352.7
3342.62,1352.1
3344.56,1352.2
3346.49,1351.58
3348.42,1351.76
3350.35,1352.48
3352.28,1351.74
3354.21,1352.6
3356.14,1351.12
3358.07,1351.58
3360.0,1351.52
3361.93,1351.52
3363.86,1351.12
3365.78,1351.86
3367.71,1352.26
3369.64,1351.44
3371.56,1352.42
3373.49,1352.0
3375.41,1352.72
3377.34,1352.34
3379.26,1352.74
3381.18,1350.52
3383.11,1351.8
3385.03,1352.2
3386.95,1351.54
3388.87,1351.36
3390.79,1352.3
3392.71,1352.68
3394.63,1352.04
3396.55,1350.96
3398.47,1351.62
3400.39,1351.76
3402.31,1352.7
3404.22,1351.98
3406.14,1351.48
3408.06,1352.1
3409.97,1351.6
3411.89,1353.36
3413.8,1350.94
3415.71,1353.02
3417.63,1351.76
3419.54,1351.22
3421.45,1352.24
3423.37,1350.92
3425.28,1349.86
3427.19,1352.56
3429.1,1351.98
3431.01,1351.12
3432.92,1352.26
3434.83,1351.52
3436.74,1351.02
3438.64,1351.22
3440.55,1351.8
3442.46,1352.22
3444.37,1352.7
3446.27,1352.66
3448.18,1352.36
3450.08,1352.16
3451.99,1350.92
3453.89,1352.86
3455.79,1352.52
3457.7,1351.02
3459.6,1351.72
3461.5,1351.64
3463.4,1351.12
3465.3,1351.32
3467.21,1351.96
3469.11,1350.98
3471.01,1351.8
3472.9,1352.4
3474.8,1351.66
3476.7,1350.5
3478.6,1350.88
3480.5,1351.34
3482.39,1351.58
3484.29,1352.2
3486.18,1351.86
3488.08,1352.7
3489.97,1350.66
3491.87,1351.84
3493.76,1351.6
3495.65,1350.62
3497.55,1352.36
3499.44,1351.72
3501.33,1351.94
3503.22,1350.64
3505.11,1351.92
3507.0,1352.6
3508.89,1350.72
3510.78,1352.16
3512.67,1351.88
3514.56,1351.96
3516.45,1351.38
3518.33,1351.48
3520.22,1352.08
3522.11,1351.98
3523.99,1351.4
3525.88,1351.96
3527.76,1351.14
3529.65,1351.58
3531.53,1350.9
3533.41,1350.42
3535.3,1351.52
3537.18,1351.3
3539.06,1350.36
3540.94,1351.9
3542.82,1351.42
3544.7,1351.7
3546.58,1351.98
3548.46,1351.58
3550.34,1350.86
3552.22,1350.48
3554.1,1351.48
3555.98,1351.74
3557.85,1351.84
3559.73,1351.54
3561.61,1351.42
3563.48,1351.34
3565.36,1350.86
3567.23,1351.12
3569.1,1351.78
3570.98,1352.28
3572.85,1351.8
3574.72,1351.76
3576.6,1352.58
3578.47,1351.12
3580.34,1352.16
3582.21,1350.88
3584.08,1352.46
3585.95,1351.36
3587.82,1350.86
3589.69,1351.52
3591.56,1351.96
3593.42,1353.04
3595.29,1351.06
3597.16,1351.66
3599.02,1351.94
3600.89,1351.14
3602.75,1351.12
3604.62,1351.44
3606.48,1350.58
3608.35,1350.4
3610.21,1351.64
3612.07,1351.3
3613.94,1352.1
3615.8,1350.8
3617.66,1350.62
3619.52,1351.18
3621.38,1350.14
3623.24,1350.92
3625.1,1351.6
3626.96,1350.82
3628.82,1352.32
3630.68,1351.06
3632.54,1350.12
3634.39,1351.54
3636.25,1351.9
3638.11,1351.8
3639.96,1351.64
3641.82,1351.9
3643.67,1351.52
3645.53,1351.52
3647.38,1351.2
3649.23,1351.38
3651.09,1351.32
3652.94,1352.56
3654.79,1350.58
3656.64,1350.78
3658.49,1350.84
3660.34,1351.48
3662.19,1350.58
3664.04,1351.96
3665.89,1351.02
3667.74,1351.16
3669.59,1352.56
3671.44,1352.42
3673.28,1350.4
3675.13,1351.86
3676.98,1352.98
3678.82,1350.78
3680.67,1351.3
3682.51,1351.2
3684.36,1352.3
3686.2,1351.4
3688.04,1351.32
3689.89,1352.16
3691.73,1350.52
3693.57,1351.96
3695.41,1351.48
3697.25,1351.2
3699.09,1350.28
3700.93,1350.02
3702.77,1350.36
3704.61,1352.04
3706.45,1351.02
3708.29,1351.56
3710.13,1351.62
3711.97,1351.08
3713.8,1351.8
3715.64,1351.68
3717.47,1350.08
3719.31,1351.26
3721.15,1352.24
3722.98,1351.32
3724.81,1350.26
3726.65,1350.88
3728.48,1350.9
3730.31,1350.98
3732.14,1351.32
