Raman Shift (cm-1),Processed Intensity
<<<<<<< HEAD
26.6,0.12076744195825169
29.5,0.11102764699720684
32.5,0.10105284979668595
35.4,0.09150749939509314
38.4,0.08173273529210745
41.3,0.07237967446176943
44.3,0.0628027213843877
47.2,0.05363980909748752
50.1,0.04456957907489534
53.1,0.03528356854159559
56.0,0.026400319514817392
59.0,0.017306646288322645
61.9,0.008608271831756545
64.8,0.0
67.8,0.3036174350579816
70.7,0.29519092166712074
73.6,0.2868529867733912
76.6,0.5907484821362076
79.5,0.5825892201514503
82.4,0.5745170275417578
85.3,0.5665314102586447
88.3,0.5583610075614505
91.2,0.550550007979759
94.1,0.5428240944485411
97.1,0.5349207888282155
100.0,0.5273664782112777
103.0,0.5196396543534679
106.0,0.5120017735764709
109.0,0.5044523034258582
112.0,0.49699071327973215
115.0,0.4896164743459341
117.0,0.48474858320313446
120.0,0.4775187594899386
123.0,0.4703748857999676
126.0,0.7757447035773058
129.0,0.4563429018748174
132.0,0.7618820164219994
135.0,0.7550767398957742
138.0,0.7483548209883147
141.0,0.741715746644758
144.0,0.7351590056122683
147.0,0.7286840884371166
150.0,0.7222904874618337
152.0,0.7180730125951131
155.0,0.7118138153615853
158.0,0.7056345893346464
161.0,0.6995348334186035
164.0,0.6935140483006741
167.0,1.0
170.0,0.9941356656571663
173.0,0.9883488148427648
176.0,0.6702106917950246
179.0,0.9770055967282824
181.0,0.9732922834093355
184.0,0.967785341177549
187.0,0.9623536006039705
190.0,0.956996577707472
193.0,0.951713790262132
196.0,0.9465047577943435
199.0,0.9413690015799727
202.0,0.9363060446414463
205.0,0.9313154117449391
207.0,0.9280282692753618
210.0,0.9231571251006744
213.0,0.9183570461808783
216.0,0.9136275636512977
219.0,0.9089682103775717
222.0,0.904378520952883
225.0,0.8998580316949668
228.0,0.8954062806433846
230.0,0.8924764071509467
233.0,0.8881381978650176
236.0,0.8838675032864877
239.0,0.5672356041915849
242.0,0.8755268372724623
245.0,0.8714559596154601
248.0,0.8674507842171387
251.0,0.8635108622219222
253.0,0.8609202785602433
256.0,0.8570881193877273
259.0,0.8533200249584303
262.0,0.8496155526248406
265.0,0.8459742614258379
268.0,0.8423957120838524
271.0,0.8388794670019728
274.0,0.8354250902611476
276.0,0.8331563292241109
279.0,0.8298041022238962
282.0,0.8265125892946967
285.0,0.8232813606449046
288.0,0.5076817245954621
291.0,0.5045697817845464
294.0,0.5015168438533998
296.0,0.4995141233565183
299.0,0.8089868509242779
302.0,0.4936609315370992
305.0,0.4908207371012002
308.0,0.488037586960555
311.0,0.4853110656534895
314.0,0.4826407593579571
316.0,0.4808915821073258
319.0,0.4783140523372903
322.0,0.47579164204734775
325.0,0.47332394340282197
328.0,0.4709105501952524
331.0,0.46855105783953044
333.0,0.46700780879196374
336.0,0.46473725651142417
339.0,0.4625195341038378
342.0,0.46035424291191585
345.0,0.4582409858883953
348.0,0.456179367593112
351.0,0.4541689941902019
353.0,0.45285702087769875
356.0,0.45093118478602023
359.0,0.4490555511789053
362.0,0.44722973207827316
365.0,0.4454533410968742
368.0,0.4437259934355055
370.0,0.44260148531018084
373.0,0.4409550257102468
376.0,0.43935659104099434
379.0,0.43780580230144533
382.0,0.4363022820652778
384.0,0.435326009849045
387.0,0.43390043599441924
390.0,0.43252113184944935
393.0,0.4311877257370079
396.0,0.4298998475412328
399.0,0.4286571287046855
401.0,0.42785355671378034
404.0,0.42668528868301553
407.0,0.42556120478871007
410.0,0.42448094216305493
413.0,0.4234441394833025
415.0,0.42277690437839377
418.0,0.42181173618965623
421.0,0.4208890719511665
424.0,0.4200085559807902
427.0,0.41916983412804226
430.0,0.41837255377123855
432.0,0.4178638831433533
435.0,0.4171348924859263
438.0,0.41644641045227065
441.0,0.41579809000178564
444.0,0.41518958560928076
446.0,0.4148058661015468
449.0,0.4142629580788129
452.0,0.4137589521004904
455.0,0.41329350817345595
458.0,0.4128662878065916
460.0,0.41260254306252414
463.0,0.41223828049741335
466.0,0.41191134617110164
469.0,0.4116214070755008
472.0,0.41136813169120096
474.0,0.41121948712286704
477.0,0.4110265852484609
480.0,0.4108694702897478
483.0,0.4107478161612604
486.0,0.41066129825286907
488.0,0.4106229801348484
491.0,0.41059430523528867
494.0,0.41059990811954505
497.0,0.4106394695624143
500.0,0.4107126718005974
502.0,0.41078000636387135
505.0,0.4109085744151979
508.0,0.4110699430184942
511.0,0.4112637997463714
513.0,0.41141093289372943
516.0,0.4116582461458666
519.0,0.4119372214569261
522.0,0.4122475516968766
525.0,0.4125889311737369
527.0,0.4128336167584686
530.0,0.4132260695447668
533.0,0.41364876339804346
536.0,0.414101397874673
538.0,0.41441964014983484
541.0,0.4149215118810347
544.0,0.4154525300098329
547.0,0.41601239930239287
550.0,0.41660082593904507
552.0,0.4170088310974599
555.0,0.41764420420686615
558.0,0.4183073580331784
561.0,0.4189980039174861
563.0,0.41947356595915636
566.0,0.4202093942792178
569.0,0.42097195174075613
572.0,0.4217609548071169
574.0,0.4223015094653653
577.0,0.4231339622330666
580.0,0.42399211129701875
583.0,0.4248756782042498
585.0,0.42547870695017714
588.0,0.4264040218914884
591.0,0.42735401887270474
594.0,0.42832842448606245
596.0,0.428991454183246
599.0,0.4300059369950929
602.0,0.43104410603816273
605.0,0.432105692911348
607.0,0.43282629547050505
610.0,0.43392631930282355
613.0,0.4350490518640594
616.0,0.43619422972122307
618.0,0.43697002175489497
621.0,0.43815202669263015
624.0,0.4393557810220657
627.0,0.44058102623982814
629.0,0.12898140516518192
632.0,0.13024189771030675
635.0,0.4439514618856359
638.0,0.44525331697510634
640.0,0.44613251487613087
643.0,0.4474680674296382
646.0,0.44882350463066517
649.0,0.13777031416757124
651.0,0.13869781613844742
654.0,0.45253333003428814
657.0,0.45395955933625437
660.0,0.4554045236504877
662.0,0.14394985810592326
665.0,0.45785377243734016
668.0,0.1469192505335132
670.0,0.1479250106192721
673.0,0.14944837286540572
676.0,0.46341745462259615
679.0,0.4649754930657057
681.0,0.15359537278556265
684.0,0.15518159129695758
687.0,0.15678440774533364
690.0,0.15840359111829116
692.0,0.15949202593434156
695.0,0.16113797762263915
698.0,0.47522794999239454
700.0,0.4763443980058426
703.0,0.4780318663499397
706.0,0.1673062275073153
709.0,0.48145204916409523
711.0,0.4826052746933725
714.0,0.4843472297224806
717.0,0.4861035297111682
719.0,0.48728225790595003
722.0,0.48906198152042085
725.0,0.49085547055995266
728.0,0.492662509982943
730.0,0.49387462529101134
733.0,0.4957037741862516
736.0,0.49754590608132615
738.0,0.4987811027856444
741.0,0.5006444058343581
744.0,0.5025201332717599
747.0,0.5044080778692088
749.0,0.5056733931306374
752.0,0.5075812424742202
755.0,0.5095007623401454
757.0,0.5107868256970165
760.0,0.5127253464594126
763.0,0.5146749997498269
765.0,0.5159808547646436
768.0,0.5179486194622756
771.0,0.5199269872826738
774.0,0.5219157619021427
776.0,0.5232472967956054
779.0,0.5252529830560322
782.0,0.5272685584315274
784.0,0.5286176744635888
787.0,0.5306493057337565
790.0,0.5326903168949867
792.0,0.5340561087753763
795.0,0.5361123341397197
798.0,0.538177438576793
800.0,0.5395590159586587
803.0,0.5416385068714312
806.0,0.5437263843899235
809.0,0.5458224659809826
811.0,0.5472243219135831
814.0,0.5493336744896348
817.0,0.5514507500655903
819.0,0.5528663362516176
822.0,0.5549958878870234
825.0,0.5571326896719304
827.0,0.5585611654852881
830.0,0.5607096620625933
833.0,0.5628649441068998
835.0,0.5643054834422263
838.0,0.5664716925798102
841.0,0.5686442306154605
843.0,0.5700960217915316
846.0,0.5722787326986538
849.0,0.5744673239941716
851.0,0.5759295696572753
854.0,0.5781275929892363
857.0,0.5803310562047853
859.0,0.5818029732321519
862.0,0.5840151409453269
865.0,0.5862323159878225
867.0,0.5877131353909636
870.0,0.589938300597884
873.0,0.5921680484761108
875.0,0.5936570153042363
878.0,0.5958940521287367
881.0,0.5981352548083461
883.0,0.5996316280517809
886.0,0.6018794314840177
889.0,0.6041309917427027
891.0,0.6056340442362392
894.0,0.6078915299878014
897.0,0.6101523712703437
899.0,0.6116613895966521
902.0,0.6139274939556795
905.0,0.6161965602290319
907.0,0.6177108446220336
910.0,0.619984524308257
913.0,0.6222607799166688
915.0,0.623779644164961
918.0,0.6260598761848196
920.0,0.6275812603598536
923.0,0.6298650770550775
926.0,0.6321508585567949
928.0,0.6336757361541363
931.0,0.6359644857127174
934.0,0.6382548338413839
936.0,0.3273542902190715
939.0,0.32964700221055454
942.0,0.3319409539632384
944.0,0.333470878339398
947.0,0.3357666020947322
950.0,0.3380632141755335
952.0,0.3395947182204875
955.0,0.34189252268710185
957.0,0.3434247025404606
960.0,0.3457233433094317
963.0,0.3480223169063175
965.0,0.3495550888721552
968.0,0.35185433885676887
971.0,0.35415358932953417
973.0,0.04325809902659036
976.0,0.04555707797805503
979.0,0.36028399580598947
981.0,0.3618161922663332
984.0,0.05168577547511362
986.0,0.0532173235203068
989.0,0.05551403377967841
992.0,0.3702381696900804
994.0,0.37176822854079766
997.0,0.3740624475726579
1000.0,0.376355522118971
1000.0,0.376355522118971
1000.0,0.06392725856708768
1010.0,0.3839893925262368
1010.0,0.3839893925262368
1010.0,0.07156112897434641
1020.0,0.07917692151494761
1020.0,0.07917692151494761
1020.0,0.07917692151494761
1020.0,0.0791769215149405
1030.0,0.08677064271100726
1030.0,0.08677064271101435
1030.0,0.39919890626289767
1030.0,0.39919890626289767
1040.0,0.09433841753851185
1040.0,0.4067666810903951
1040.0,0.4067666810904022
1040.0,0.09433841753851185
1050.0,0.4143047517999357
1050.0,0.10187648824803822
1050.0,0.10187648824803112
1050.0,0.10187648824803822
1060.0,0.4218094767373857
1060.0,0.42180947673739283
1060.0,0.42180947673739283
1060.0,0.4218094767373857
1070.0,0.11684906561274436
1070.0,0.11684906561274436
1070.0,0.4292773291646348
1080.0,0.12427663252833365
1080.0,0.12427663252833365
1080.0,0.12427663252834076
1080.0,0.43670489608023116
1090.0,0.1316606134882325
1090.0,0.1316606134882325
1090.0,0.1316606134882325
1090.0,0.44408887704013
1100.0,0.138997819426452
1100.0,0.45142608297833536
1100.0,0.138997819426452
1100.0,0.1389978194264449
1110.0,0.14628517147579362
1110.0,0.14628517147579362
1110.0,0.1462851714757865
1110.0,0.1462851714757865
1120.0,0.15351969978852653
1120.0,0.46594796334041694
1120.0,0.46594796334041694
1120.0,0.15351969978852653
1130.0,0.16069854235708642
1130.0,0.1606985423570793
1130.0,0.16069854235708642
1130.0,0.16069854235708642
1140.0,0.4802472073866577
1140.0,0.1678189438347744
1140.0,0.16781894383476728
1150.0,0.4873065179083318
1150.0,0.1748782543564414
1150.0,0.17487825435642718
1150.0,0.1748782543564414
1160.0,0.18187392835921545
1160.0,0.4943021919111059
1160.0,0.18187392835921545
1160.0,0.18187392835920835
1170.0,0.1888035234031366
1170.0,0.1888035234031437
1170.0,0.1888035234031366
1170.0,0.501231786955027
1180.0,0.19566469899195513
1180.0,0.5080929625438384
1180.0,0.5080929625438455
1180.0,0.19566469899195513
1190.0,0.2024552153937022
1190.0,0.2024552153937022
1190.0,0.2024552153936951
1190.0,0.2024552153937022
1200.0,0.20917293246145302
1200.0,0.5216011960133505
1200.0,0.2091729324614601
1200.0,0.5216011960133363
1210.0,0.21581580845406087
1210.0,0.21581580845406087
1210.0,0.5282440720059584
1210.0,0.5282440720059512
1220.0,0.22238189885680612
1220.0,0.22238189885680612
1220.0,0.5348101624086966
1220.0,0.22238189885680612
1230.0,0.2288693552020383
1230.0,0.2288693552020454
1230.0,0.2288693552020454
1230.0,0.2288693552020454
1240.0,0.23527642388998152
1240.0,0.23527642388998152
1240.0,0.23527642388998152
1240.0,0.23527642388998152
1250.0,0.241601445009362
1250.0,0.24160144500935493
1250.0,0.241601445009362
1260.0,0.24784285115814245
1260.0,0.5602711147100329
1260.0,0.24784285115814245
1260.0,0.24784285115813534
1270.0,0.2539991662641713
1270.0,0.2539991662641713
1270.0,0.2539991662641713
1270.0,0.2539991662641713
1280.0,0.2600690044058882
1280.0,0.2600690044058882
1280.0,0.2600690044058811
1280.0,0.2600690044058882
1290.0,0.2660510686331015
1290.0,0.5784793321849848
1290.0,0.2660510686331015
1290.0,0.26605106863308725
1300.0,0.5843724133394418
1300.0,0.27194414978755854
1300.0,0.5843724133394418
1300.0,0.5843724133394489
1310.0,0.27774712532373025
1310.0,0.27774712532373025
1310.0,0.27774712532373735
1310.0,0.5901753888756277
1320.0,0.595887221681343
1320.0,0.28345895812945965
1320.0,0.28345895812945965
1320.0,0.595887221681343
1330.0,0.28907869534670394
1330.0,0.28907869534668973
1330.0,0.6015069588985943
1330.0,0.28907869534669683
1340.0,0.6070337307440519
1340.0,0.29460546719216146
1340.0,0.6070337307440448
1340.0,0.29460546719216146
1350.0,0.6124667493299681
1350.0,0.6124667493299681
1350.0,0.6124667493299681
1350.0,0.3000384857780777
1360.0,0.6178053074846992
1360.0,0.6178053074846992
1360.0,0.6178053074847063
1360.0,0.6178053074847063
1370.0,0.62304877757351
1370.0,0.3106205140216124
1370.0,0.3106205140216124
1370.0,0.3106205140216124
1380.0,0.6281966103192093
1380.0,0.6281966103192164
1380.0,0.6281966103192093
1380.0,0.6281966103192164
1390.0,0.3208200700710007
1390.0,0.6332483336228911
1390.0,0.3208200700710007
1390.0,0.633248333622884
1400.0,0.6382035513846048
1400.0,0.6382035513846119
1400.0,0.6382035513846119
1400.0,0.6382035513846048
1410.0,0.33063367877214284
1410.0,0.33063367877213573
1410.0,0.6430619423240261
1410.0,0.33063367877214284
1420.0,0.6478232588012472
1420.0,0.6478232588012544
1420.0,0.3353949952493639
1420.0,0.3353949952493639
1430.0,0.340059062085451
1430.0,0.340059062085451
1430.0,0.34005906208544395
1430.0,0.34005906208544395
1440.0,0.34462577538327793
1440.0,0.6570540389351613
1440.0,0.6570540389351684
1440.0,0.34462577538327793
1450.0,0.6615233648999943
1450.0,0.34909510134810384
1450.0,0.34909510134809674
1450.0,0.34909510134810384
1460.0,0.3534670751083575
1460.0,0.3534670751083575
1460.0,0.3534670751083575
1460.0,0.3534670751083575
1470.0,0.3577417995363077
1470.0,0.3577417995363077
1470.0,0.3577417995363077
1470.0,0.3577417995363077
1480.0,0.361919444068712
1480.0,0.361919444068712
1480.0,0.361919444068712
1480.0,0.361919444068712
1490.0,0.366000243527587
1490.0,0.366000243527587
1490.0,0.366000243527587
1490.0,0.366000243527587
1500.0,0.3699844969408641
1500.0,0.3699844969408641
1500.0,0.3699844969408641
1500.0,0.3699844969408641
1510.0,0.3738725663630814
1510.0,0.3738725663630814
1510.0,0.3738725663630814
1510.0,0.3738725663630814
1510.0,0.3738725663630814
1520.0,0.3776648756960824
1520.0,0.3776648756960824
1520.0,0.3776648756960824
1520.0,0.3776648756960824
1530.0,0.3813619095097432
1530.0,0.3813619095097432
1530.0,0.3813619095097432
1530.0,0.3813619095097432
1540.0,0.3849642118626216
1540.0,0.3849642118626216
1540.0,0.3849642118626216
1540.0,0.3849642118626216
1550.0,0.3884723851226842
1550.0,0.3884723851226842
1550.0,0.3884723851226842
1550.0,0.3884723851226842
1560.0,0.39188708878801976
1560.0,0.39188708878801976
1560.0,0.39188708878801976
1560.0,0.39188708878801976
1570.0,0.39520903830745197
1570.0,0.39520903830745197
1570.0,0.39520903830745197
1570.0,0.39520903830745197
1580.0,0.3984390039013385
1580.0,0.3984390039013385
1580.0,0.3984390039013385
1580.0,0.3984390039013385
1590.0,0.4015778093822054
1590.0,0.4015778093822054
1590.0,0.4015778093822054
1590.0,0.4015778093822054
1600.0,0.4046263309754673
1600.0,0.4046263309754673
1600.0,0.4046263309754673
1600.0,0.4046263309754673
1610.0,0.40758549614011197
1610.0,0.40758549614011197
1610.0,0.40758549614011197
1610.0,0.40758549614011197
1620.0,0.4104562823893992
1620.0,0.4104562823893992
1620.0,0.4104562823893992
1620.0,0.4104562823893992
1620.0,0.4104562823893992
1630.0,0.41323971611153815
1630.0,0.41323971611153815
1630.0,0.41323971611153815
1630.0,0.41323971611153815
1640.0,0.41593687139045
1640.0,0.41593687139045
1640.0,0.41593687139045
1640.0,0.41593687139045
1650.0,0.4185488688263818
1650.0,0.4185488688263818
1650.0,0.4185488688263818
1650.0,0.4185488688263818
1660.0,0.42107687435661906
1660.0,0.42107687435661906
1660.0,0.42107687435661906
1660.0,0.42107687435661906
1670.0,0.4235220980762487
1670.0,0.4235220980762487
1670.0,0.4235220980762487
1670.0,0.4235220980762487
1680.0,0.42588579305877977
1680.0,0.42588579305877977
1680.0,0.42588579305877977
1680.0,0.42588579305877977
1690.0,0.42816925417685625
1690.0,0.42816925417685625
1690.0,0.42816925417685625
1690.0,0.42816925417685625
1690.0,0.42816925417685625
1700.0,0.43037381692299853
1700.0,0.43037381692299853
1700.0,0.43037381692299853
1700.0,0.43037381692299853
1710.0,0.43250085623021695
1710.0,0.43250085623021695
1710.0,0.43250085623021695
1710.0,0.43250085623021695
1720.0,0.4345517852927958
1720.0,0.4345517852927958
1720.0,0.4345517852927958
1720.0,0.4345517852927958
1730.0,0.436528054386914
1730.0,0.436528054386914
1730.0,0.436528054386914
1730.0,0.436528054386914
1740.0,0.43843114969142205
1740.0,0.43843114969142205
1740.0,0.43843114969142205
1740.0,0.43843114969142205
1750.0,0.4402625921084412
1750.0,0.4402625921084412
1750.0,0.4402625921084412
1750.0,0.4402625921084412
1750.0,0.4402625921084412
1760.0,0.4420239360841266
1760.0,0.4420239360841266
1760.0,0.4420239360841266
1760.0,0.4420239360841266
1770.0,0.4437167684293725
1770.0,0.4437167684293725
1770.0,0.4437167684293725
1770.0,0.4437167684293725
1780.0,0.44534270714044055
1780.0,0.44534270714044055
1780.0,0.44534270714044055
1780.0,0.44534270714044055
1790.0,0.44690340021973646
1790.0,0.44690340021973646
1790.0,0.44690340021973646
1790.0,0.44690340021973646
1800.0,0.4484005244964309
1800.0,0.4484005244964309
1800.0,0.4484005244964309
1800.0,0.4484005244964309
1800.0,0.4484005244964309
1810.0,0.44983578444722894
1810.0,0.44983578444722894
1810.0,0.44983578444722894
1810.0,0.44983578444722894
1820.0,0.4512109110169912
1820.0,0.4512109110169912
1820.0,0.4512109110169912
1820.0,0.4512109110169912
1830.0,0.4525276604395028
1830.0,0.4525276604395028
1830.0,0.4525276604395028
1830.0,0.4525276604395028
1840.0,0.45378781305810234
1840.0,0.45378781305810234
1840.0,0.45378781305810234
1840.0,0.45378781305810234
1840.0,0.45378781305810234
1850.0,0.45499317214644364
1850.0,0.45499317214644364
1850.0,0.45499317214644364
1850.0,0.45499317214644364
1860.0,0.45614556272913076
1860.0,0.45614556272913076
1860.0,0.45614556272913076
1860.0,0.45614556272913076
1870.0,0.4572468304024526
1870.0,0.4572468304024526
1870.0,0.4572468304024526
1870.0,0.4572468304024526
1880.0,0.4582988401550532
1880.0,0.4582988401550532
1880.0,0.4582988401550532
1880.0,0.4582988401550532
1880.0,0.4582988401550532
1890.0,0.4593034751886659
1890.0,0.4593034751886659
1890.0,0.4593034751886659
1890.0,0.4593034751886659
1900.0,0.4602626357387835
1900.0,0.4602626357387835
1900.0,0.4602626357387835
1900.0,0.4602626357387835
1910.0,0.4611782378953363
1910.0,0.4611782378953363
1910.0,0.4611782378953363
1910.0,0.4611782378953363
1920.0,0.462052212423419
1920.0,0.462052212423419
1920.0,0.462052212423419
1920.0,0.462052212423419
1920.0,0.462052212423419
1930.0,0.462886503583975
1930.0,0.462886503583975
1930.0,0.462886503583975
1930.0,0.462886503583975
1940.0,0.4636830679544957
1940.0,0.4636830679544957
1940.0,0.4636830679544957
1940.0,0.4636830679544957
1950.0,0.464443873249726
1950.0,0.464443873249726
1950.0,0.464443873249726
1950.0,0.464443873249726
1950.0,0.464443873249726
1960.0,0.4651708971423207
1960.0,0.4651708971423207
1960.0,0.4651708971423207
1960.0,0.4651708971423207
1970.0,0.46586612608358563
1970.0,0.46586612608358563
1970.0,0.46586612608358563
1970.0,0.46586612608358563
1980.0,0.4665315541241554
1980.0,0.4665315541241554
1980.0,0.4665315541241554
1980.0,0.4665315541241554
1980.0,0.4665315541241554
1990.0,0.46716918173470634
1990.0,0.46716918173470634
1990.0,0.46716918173470634
1990.0,0.46716918173470634
2000.0,0.4677810146265983
2000.0,0.4677810146265983
2000.0,0.1553527510747079
2000.0,0.4677810146265912
2010.0,0.46836906257263033
2010.0,0.46836906257263033
2010.0,0.46836906257263033
2010.0,0.46836906257263033
2010.0,0.46836906257263033
2020.0,0.4689353382277397
2020.0,0.4689353382277397
2020.0,0.4689353382277397
2020.0,0.4689353382277397
2030.0,0.4694818559496291
2030.0,0.4694818559496291
2030.0,0.4694818559496291
2030.0,0.4694818559496291
2040.0,0.15758236706765386
2040.0,0.4700106306195372
2040.0,0.4700106306195443
2040.0,0.4700106306195443
2040.0,0.4700106306195443
2050.0,0.47052367646289395
2050.0,0.47052367646289395
2050.0,0.47052367646289395
2050.0,0.47052367646289395
2060.0,0.4710230058700344
2060.0,0.4710230058700344
2060.0,0.4710230058700344
2060.0,0.4710230058700344
2070.0,0.47151062821688267
2070.0,0.47151062821688267
2070.0,0.47151062821688267
2070.0,0.47151062821688267
2070.0,0.47151062821688267
2080.0,0.47198854868564405
2080.0,0.47198854868564405
2080.0,0.47198854868564405
2080.0,0.47198854868564405
2090.0,0.4724587670855319
2090.0,0.4724587670855319
2090.0,0.4724587670855319
2090.0,0.4724587670855319
2100.0,0.4729232766734311
2100.0,0.4729232766734311
2100.0,0.4729232766734311
2100.0,0.4729232766734311
2100.0,0.4729232766734311
2110.0,0.4733840629745895
2110.0,0.16095579942269908
2110.0,0.4733840629745824
2110.0,0.4733840629745895
2120.0,0.16141483905146212
2120.0,0.4738431026033454
2120.0,0.16141483905146212
2120.0,0.4738431026033454
2120.0,0.4738431026033525
2130.0,0.4743023620838262
2130.0,0.4743023620838262
2130.0,0.4743023620838262
2130.0,0.4743023620838262
2140.0,0.16233553311869278
2140.0,0.4747637966705761
2140.0,0.4747637966705832
2140.0,0.4747637966705832
2150.0,0.47522934916936155
2150.0,0.47522934916936155
2150.0,0.47522934916936155
2150.0,0.47522934916936155
2150.0,0.47522934916936155
2160.0,0.47570094875776325
2160.0,0.47570094875776325
2160.0,0.47570094875776325
2160.0,0.47570094875776325
2170.0,0.476180509805918
2170.0,0.476180509805918
2170.0,0.476180509805918
2170.0,0.476180509805918
2170.0,0.476180509805918
2180.0,0.47666993069723834
2180.0,0.47666993069723834
2180.0,0.47666993069723834
2180.0,0.16424166714534785
2190.0,0.16474282909716412
2190.0,0.16474282909716412
2190.0,0.47717109264905455
2190.0,0.47717109264906166
2200.0,0.477685858533392
2200.0,0.477685858533392
2200.0,0.477685858533392
2200.0,0.477685858533392
2200.0,0.16525759498150158
2210.0,0.4782160716975487
2210.0,0.4782160716975558
2210.0,0.4782160716975558
2210.0,0.4782160716975558
2220.0,0.47876355478489363
2220.0,0.47876355478489363
2220.0,0.47876355478489363
2220.0,0.16633529123300325
2220.0,0.16633529123299615
2230.0,0.16690184500361865
2230.0,0.4793301085555091
2230.0,0.4793301085555162
2230.0,0.16690184500362576
2240.0,0.167489247155048
2240.0,0.167489247155048
2240.0,0.47991751070693844
2240.0,0.47991751070694555
2240.0,0.16748924715505512
2250.0,0.48052751469481464
2250.0,0.48052751469482174
2250.0,0.48052751469482174
2250.0,0.48052751469482174
2260.0,0.16873358500171073
2260.0,0.481161848553594
2260.0,0.4811618485536011
2260.0,0.4811618485536011
2260.0,0.16873358500171073
2270.0,0.4818222137172554
2270.0,0.4818222137172625
2270.0,0.16939395016537206
2270.0,0.4818222137172554
2280.0,0.48251028383999867
2280.0,0.48251028383999867
2280.0,0.48251028383999867
2280.0,0.48251028383999867
2280.0,0.48251028383999867
2290.0,0.4832277036168936
2290.0,0.4832277036168936
2290.0,0.4832277036168936
2290.0,0.4832277036168936
2300.0,0.48397608760466476
2300.0,0.48397608760466476
2300.0,0.17154782405277436
2300.0,0.4839760876046577
2300.0,0.17154782405277436
2310.0,0.4847570190422756
2310.0,0.17232875549039223
2310.0,0.4847570190422756
2310.0,0.4847570190422827
2320.0,0.4855720486717627
2320.0,0.4855720486717627
2320.0,0.4855720486717627
2320.0,0.17314378511987225
2320.0,0.48557204867175563
2330.0,0.17399443000687373
2330.0,0.486422693558757
2330.0,0.4864226935587641
2330.0,0.4864226935587641
2340.0,0.17488217236149825
2340.0,0.17488217236149117
2340.0,0.17488217236149117
2340.0,0.48731043591338163
2340.0,0.4873104359133887
2350.0,0.4882367219107651
2350.0,0.17580845835887476
2350.0,0.17580845835886763
2350.0,0.488236721910758
2360.0,0.489202960511834
2360.0,0.17677469695994352
2360.0,0.4892029605118269
2360.0,0.17677469695994352
2360.0,0.17677469695993642
2370.0,0.1777822587320983
2370.0,0.1777822587320983
2370.0,0.49021052228398865
2370.0,0.49021052228399575
2380.0,0.17883247466995578
2380.0,0.17883247466994867
2380.0,0.491260738221839
2380.0,0.17883247466995578
2380.0,0.17883247466994867
2390.0,0.4923548985678103
2390.0,0.49235489856781733
2390.0,0.49235489856781733
2390.0,0.49235489856781733
2400.0,0.18106598808103627
2400.0,0.49349425163291954
2400.0,0.49349425163292665
2400.0,0.49349425163292665
2400.0,0.18106598808103627
2410.0,0.18225173906554254
2410.0,0.18225173906554254
2410.0,0.18225173906554254
2410.0,0.494680002617433
2410.0,0.18225173906554964
2420.0,0.4959133124315777
2420.0,0.49591331243158476
2420.0,0.49591331243158476
2420.0,0.49591331243158476
2430.0,0.4971952965162344
2430.0,0.18476703296434394
2430.0,0.18476703296433683
2430.0,0.18476703296433683
2430.0,0.4971952965162273
2440.0,0.49852702366361396
2440.0,0.18609876011172352
2440.0,0.1860987601117164
2440.0,0.1860987601117164
2450.0,0.49990951483797824
2450.0,0.49990951483798535
2450.0,0.49990951483798535
2450.0,0.49990951483798535
2450.0,0.1874812512860949
2460.0,0.5013437419963599
2460.0,0.501343741996367
2460.0,0.501343741996367
2460.0,0.501343741996367
2470.0,0.5028306269091971
2470.0,0.1904023633573067
2470.0,0.50283062690919
2470.0,0.5028306269091971
2470.0,0.1904023633573067
2480.0,0.19194277642915636
2480.0,0.5043710399810468
2480.0,0.19194277642916346
2480.0,0.19194277642915636
2480.0,0.5043710399810468
2490.0,0.5059657990713258
2490.0,0.19353753551943542
2490.0,0.5059657990713187
2490.0,0.19353753551943542
2500.0,0.19518740476306276
2500.0,0.5076156683149532
2500.0,0.19518740476306987
2500.0,0.5076156683149532
2500.0,0.5076156683149603
2510.0,0.19689309339118655
2510.0,0.19689309339117944
2510.0,0.19689309339117944
2510.0,0.5093213569430698
2520.0,0.1986552545518686
2520.0,0.5110835181037519
2520.0,0.1986552545518686
2520.0,0.1986552545518615
2520.0,0.5110835181037519
2530.0,0.2004744841307834
2530.0,0.5129027476826667
2530.0,0.5129027476826737
2530.0,0.2004744841307834
2530.0,0.5129027476826667
2540.0,0.2023513195718954
2540.0,0.2023513195718883
2540.0,0.2023513195718883
2540.0,0.2023513195718883
2550.0,0.5167145022500981
2550.0,0.20428623869821472
2550.0,0.20428623869820764
2550.0,0.20428623869820764
2550.0,0.20428623869820764
2560.0,0.20627965853240354
2560.0,0.20627965853240354
2560.0,0.518707922084294
2560.0,0.20627965853241065
2560.0,0.20627965853240354
2570.0,0.2083319341175672
2570.0,0.2083319341175672
2570.0,0.2083319341175672
2570.0,0.5207601976694577
2580.0,0.5228716208897584
2580.0,0.21044335733786787
2580.0,0.5228716208897513
2580.0,0.5228716208897584
2580.0,0.21044335733786787
2590.0,0.21261415573925868
2590.0,0.21261415573925868
2590.0,0.5250424192911491
2590.0,0.5250424192911562
2590.0,0.2126141557392658
2600.0,0.527272754902073
2600.0,0.5272727549020801
2600.0,0.2148444913501898
2600.0,0.2148444913501827
2610.0,0.2171344595022856
2610.0,0.529562723054176
2610.0,0.2171344595022927
2610.0,0.529562723054176
2610.0,0.5295627230541831
2620.0,0.21948408765106514
2620.0,0.21948408765105804
2620.0,0.5319123512029484
2620.0,0.21948408765106514
2620.0,0.21948408765105804
2630.0,0.2218933341965626
2630.0,0.534321597748453
2630.0,0.2218933341965697
2630.0,0.534321597748453
2640.0,0.22436208730417515
2640.0,0.22436208730416804
2640.0,0.22436208730416804
2640.0,0.5367903508560584
2640.0,0.22436208730417515
2650.0,0.22689016372514173
2650.0,0.22689016372514173
2650.0,0.539318427277032
2650.0,0.22689016372514884
2650.0,0.539318427277032
2660.0,0.5419055711693807
2660.0,0.2294773076174902
2660.0,0.22947730761748308
2660.0,0.5419055711693735
2660.0,0.2294773076174902
2670.0,0.5445514529183855
2670.0,0.23212318936650217
2670.0,0.5445514529183855
2670.0,0.23212318936650217
2680.0,0.23482740440556743
2680.0,0.23482740440556743
2680.0,0.5472556679574578
2680.0,0.23482740440557454
2680.0,0.23482740440556743
2690.0,0.23758947203681927
2690.0,0.23758947203681927
2690.0,0.23758947203681927
2690.0,0.23758947203681927
2690.0,0.23758947203681927
2700.0,0.5528370978037023
2700.0,0.24040883425181886
2700.0,0.24040883425181178
2700.0,0.24040883425181178
2700.0,0.5528370978037023
2710.0,0.24328485455226137
2710.0,0.5557131181041447
2710.0,0.24328485455226137
2710.0,0.24328485455225426
2720.0,0.5586450803225932
2720.0,0.5586450803226003
2720.0,0.5586450803226003
2720.0,0.5586450803226003
2720.0,0.24621681677070983
2730.0,0.24920392389121612
2730.0,0.5616321874431066
2730.0,0.5616321874431136
2730.0,0.5616321874431136
2730.0,0.24920392389122323
2740.0,0.2522452968701192
2740.0,0.5646735604220096
2740.0,0.25224529687012626
2740.0,0.2522452968701192
2740.0,0.5646735604220096
2750.0,0.2553399734566442
2750.0,0.5677682370085275
2750.0,0.5677682370085346
2750.0,0.2553399734566442
2760.0,0.2584869070136157
2760.0,0.2584869070136157
2760.0,0.2584869070136157
2760.0,0.2584869070136157
2760.0,0.2584869070136157
2770.0,0.2616849653382275
2770.0,0.2616849653382275
2770.0,0.574113228890118
2770.0,0.5741132288901251
2770.0,0.2616849653382346
2780.0,0.2649329294826486
2780.0,0.2649329294826486
2780.0,0.2649329294826486
2780.0,0.2649329294826486
2780.0,0.2649329294826486
2790.0,0.2682294925747726
2790.0,0.2682294925747726
2790.0,0.2682294925747726
2790.0,0.2682294925747726
2800.0,0.2715732586388941
2800.0,0.2715732586388941
2800.0,0.2715732586388941
2800.0,0.2715732586388941
2800.0,0.2715732586388941
2810.0,0.2749627414164084
2810.0,0.5873910049682989
2810.0,0.2749627414164155
2810.0,0.2749627414164084
2810.0,0.5873910049682989
2820.0,0.27839636318650285
2820.0,0.27839636318649574
2820.0,0.27839636318649574
2820.0,0.5908246267383861
2820.0,0.5908246267383932
2830.0,0.2818724535868695
2830.0,0.2818724535868624
2830.0,0.2818724535868624
2830.0,0.2818724535868624
2830.0,0.2818724535868624
2840.0,0.5978175119862522
2840.0,0.28538924843436897
2840.0,0.28538924843436186
2840.0,0.28538924843436186
2840.0,0.28538924843436186
2850.0,0.6013731520976546
2850.0,0.28894488854577133
2850.0,0.2889448885457643
2850.0,0.2889448885457643
2860.0,0.29253741855840554
2860.0,0.29253741855840554
2860.0,0.29253741855840554
2860.0,0.604965682110296
2860.0,0.29253741855841264
2870.0,0.2961647857509148
2870.0,0.2961647857509148
2870.0,0.2961647857509148
2870.0,0.6085930493028052
2870.0,0.2961647857509219
2880.0,0.6122531024157465
2880.0,0.29982483886386313
2880.0,0.299824838863856
2880.0,0.299824838863856
2880.0,0.299824838863856
2890.0,0.3035153269205052
2890.0,0.6159435904723957
2890.0,0.3035153269205123
2890.0,0.3035153269205052
2890.0,0.3035153269205052
2900.0,0.30723389804748485
2900.0,0.30723389804748485
2900.0,0.30723389804748485
2900.0,0.30723389804748485
2900.0,0.30723389804748485
2910.0,0.31097809829548473
2910.0,0.31097809829548473
2910.0,0.6234063618473752
2910.0,0.31097809829549183
2910.0,0.31097809829548473
2920.0,0.31474537045993145
2920.0,0.31474537045993145
2920.0,0.31474537045993145
2920.0,0.31474537045993145
2930.0,0.3185330529017375
2930.0,0.3185330529017375
2930.0,0.3185330529017375
2930.0,0.3185330529017375
2930.0,0.3185330529017375
2940.0,0.322338378367936
2940.0,0.322338378367936
2940.0,0.322338378367936
2940.0,0.322338378367936
2940.0,0.322338378367936
2950.0,0.32615847281242905
2950.0,0.32615847281242905
2950.0,0.32615847281242905
2950.0,0.32615847281242905
2950.0,0.32615847281242905
2960.0,0.3299903542166369
2960.0,0.6424186177685274
2960.0,0.329990354216644
2960.0,0.3299903542166369
2960.0,0.3299903542166369
2970.0,0.3338309314102324
2970.0,0.3338309314102324
2970.0,0.3338309314102324
2970.0,0.3338309314102324
2970.0,0.6462591949621229
2980.0,0.3376770028918324
2980.0,0.3376770028918253
2980.0,0.3376770028918253
2980.0,0.3376770028918253
2980.0,0.3376770028918253
2990.0,0.34152525564963976
2990.0,0.34152525564963976
2990.0,0.34152525564963976
2990.0,0.34152525564963976
2990.0,0.34152525564963976
3000.0,0.34537226398223475
3000.0,0.34537226398223475
3000.0,0.34537226398223475
3000.0,0.34537226398223475
3000.0,0.34537226398223475
3010.0,0.3492144883191739
3010.0,0.3492144883191739
3010.0,0.3492144883191739
3010.0,0.3492144883191739
3010.0,0.3492144883191739
3020.0,0.35304827404178885
3020.0,0.35304827404178885
3020.0,0.35304827404178885
3020.0,0.35304827404178885
3020.0,0.35304827404178885
3030.0,0.3568698503037495
3030.0,0.3568698503037495
3030.0,0.3568698503037495
3030.0,0.3568698503037495
3030.0,0.3568698503037495
3040.0,0.3606753288519126
3040.0,0.3606753288519126
3040.0,0.3606753288519126
3040.0,0.3606753288519126
3040.0,0.3606753288519126
3050.0,0.3644607028468779
3050.0,0.3644607028468779
3050.0,0.3644607028468779
3050.0,0.6768889663987683
3050.0,0.36446070284688503
3060.0,0.3682218456837798
3060.0,0.3682218456837798
3060.0,0.3682218456837798
3060.0,0.3682218456837798
3060.0,0.3682218456837798
3070.0,0.3719545098129429
3070.0,0.3719545098129429
3070.0,0.3719545098129429
3070.0,0.3719545098129429
3070.0,0.3719545098129429
3080.0,0.37565432556058853
3080.0,0.37565432556058853
3080.0,0.37565432556058853
3080.0,0.37565432556058853
3080.0,0.37565432556058853
3090.0,0.37931679994953316
3090.0,0.37931679994953316
3090.0,0.37931679994953316
3090.0,0.37931679994953316
3090.0,0.37931679994953316
3100.0,0.3829373155198517
3100.0,0.3829373155198517
3100.0,0.3829373155198517
3100.0,0.3829373155198517
3100.0,0.3829373155198517
3110.0,0.386511129149619
3110.0,0.386511129149619
3110.0,0.386511129149619
3110.0,0.386511129149619
3110.0,0.386511129149619
3120.0,0.3900333708756156
3120.0,0.3900333708756156
3120.0,0.3900333708756156
3120.0,0.3900333708756156
3120.0,0.3900333708756156
3130.0,0.3934990427139415
3130.0,0.3934990427139415
3130.0,0.3934990427139415
3130.0,0.3934990427139415
3130.0,0.3934990427139415
3140.0,0.3969030174808212
3140.0,0.3969030174808212
3140.0,0.3969030174808212
3140.0,0.3969030174808212
3140.0,0.3969030174808212
3150.0,0.40024003761318905
3150.0,0.40024003761318905
3150.0,0.40024003761318905
3150.0,0.40024003761318905
3150.0,0.40024003761318905
3160.0,0.4035047139894945
3160.0,0.4035047139894945
3160.0,0.4035047139894945
3160.0,0.4035047139894945
3160.0,0.4035047139894945
3170.0,0.4066915247503085
3170.0,0.4066915247503085
3170.0,0.4066915247503085
3170.0,0.4066915247503085
3170.0,0.4066915247503085
3180.0,0.4097948141190723
3180.0,0.4097948141190723
3180.0,0.4097948141190723
3180.0,0.4097948141190723
3180.0,0.4097948141190723
3190.0,0.41280879122278136
3190.0,0.41280879122278136
3190.0,0.41280879122278136
3190.0,0.41280879122278136
3190.0,0.41280879122278136
3200.0,0.4157275289126636
3200.0,0.4157275289126636
3200.0,0.4157275289126636
3200.0,0.4157275289126636
3200.0,0.4157275289126636
3210.0,0.4185449625848989
3210.0,0.4185449625848989
3210.0,0.4185449625848989
3210.0,0.4185449625848989
3210.0,0.4185449625848989
3220.0,0.42125488900129
3220.0,0.42125488900129
3220.0,0.42125488900129
3220.0,0.42125488900129
3220.0,0.42125488900129
3230.0,0.4238509651100033
3230.0,0.4238509651100033
3230.0,0.4238509651100033
3230.0,0.4238509651100033
3230.0,0.4238509651100033
3240.0,0.4263267068662042
3240.0,0.4263267068662042
3240.0,0.4263267068662042
3240.0,0.4263267068662042
3240.0,0.4263267068662042
3250.0,0.42867548805280536
3250.0,0.42867548805280536
3250.0,0.42867548805280536
3250.0,0.42867548805280536
3250.0,0.42867548805280536
3260.0,0.43089053910115144
3260.0,0.43089053910115144
3260.0,0.43089053910115144
3260.0,0.43089053910115144
3260.0,0.43089053910115144
3260.0,0.43089053910115144
3270.0,0.43296494591166074
3270.0,0.43296494591166074
3270.0,0.43296494591166074
3270.0,0.43296494591166074
3270.0,0.43296494591166074
3280.0,0.4348916486746097
3280.0,0.4348916486746097
3280.0,0.4348916486746097
3280.0,0.4348916486746097
3280.0,0.4348916486746097
3290.0,0.43666344069075314
3290.0,0.43666344069075314
3290.0,0.43666344069075314
3290.0,0.43666344069075314
3290.0,0.43666344069075314
3300.0,0.43827296719210146
3300.0,0.43827296719210146
3300.0,0.43827296719210146
3300.0,0.43827296719210146
3300.0,0.43827296719210146
3310.0,0.43971272416251966
3310.0,0.43971272416251966
3310.0,0.43971272416251966
3310.0,0.43971272416251966
3310.0,0.43971272416251966
3320.0,0.44097505715846913
3320.0,0.44097505715846913
3320.0,0.44097505715846913
3320.0,0.44097505715846913
3320.0,0.44097505715846913
3330.0,0.44205216012975573
3330.0,0.44205216012975573
3330.0,0.44205216012975573
3330.0,0.44205216012975573
3330.0,0.44205216012975573
3330.0,0.44205216012975573
3340.0,0.4429360742401224
3340.0,0.4429360742401224
3340.0,0.4429360742401224
3340.0,0.4429360742401224
3340.0,0.4429360742401224
3350.0,0.44361868668803306
3350.0,0.44361868668803306
3350.0,0.44361868668803306
3350.0,0.44361868668803306
3350.0,0.44361868668803306
3360.0,0.4440917295273073
3360.0,0.4440917295273073
3360.0,0.4440917295273073
3360.0,0.4440917295273073
3360.0,0.4440917295273073
3370.0,0.4443467784878763
3370.0,0.4443467784878763
3370.0,0.4443467784878763
3370.0,0.4443467784878763
3370.0,0.4443467784878763
3380.0,0.4443752517964101
3380.0,0.4443752517964101
3380.0,0.4443752517964101
3380.0,0.4443752517964101
3380.0,0.4443752517964101
3390.0,0.44416840899708104
3390.0,0.44416840899708104
3390.0,0.44416840899708104
3390.0,0.44416840899708104
3390.0,0.44416840899708104
3390.0,0.44416840899708104
3400.0,0.44371734977220495
3400.0,0.44371734977220495
3400.0,0.44371734977220495
3400.0,0.44371734977220495
3400.0,0.44371734977220495
3410.0,0.44301301276297583
3410.0,0.44301301276297583
3410.0,0.44301301276297583
3410.0,0.44301301276297583
3410.0,0.44301301276297583
3420.0,0.4420461743901506
3420.0,0.4420461743901506
3420.0,0.4420461743901506
3420.0,0.4420461743901506
3420.0,0.4420461743901506
3430.0,0.4408074476747119
3430.0,0.4408074476747119
3430.0,0.4408074476747119
3430.0,0.4408074476747119
3430.0,0.4408074476747119
3430.0,0.4408074476747119
3440.0,0.43928728105863124
3440.0,0.43928728105863124
3440.0,0.43928728105863124
3440.0,0.43928728105863124
3440.0,0.43928728105863124
3450.0,0.4374759572254965
3450.0,0.4374759572254965
3450.0,0.4374759572254965
3450.0,0.4374759572254965
3450.0,0.4374759572254965
3460.0,0.4353635919212533
3460.0,0.4353635919212533
3460.0,0.4353635919212533
3460.0,0.4353635919212533
3460.0,0.4353635919212533
3470.0,0.4329401327748898
3470.0,0.4329401327748898
3470.0,0.4329401327748898
3470.0,0.4329401327748898
3470.0,0.4329401327748898
3470.0,0.4329401327748898
3480.0,0.4301953581191282
3480.0,0.4301953581191282
3480.0,0.4301953581191282
3480.0,0.4301953581191282
3480.0,0.4301953581191282
3490.0,0.42711887581110936
3490.0,0.42711887581110936
3490.0,0.42711887581110936
3490.0,0.42711887581110936
3490.0,0.42711887581110936
3500.0,0.42370012205312
3500.0,0.42370012205312
3500.0,0.42370012205312
3500.0,0.42370012205312
3500.0,0.42370012205312
3510.0,0.41992836021323476
3510.0,0.41992836021323476
3510.0,0.41992836021323476
3510.0,0.41992836021323476
3510.0,0.41992836021323476
3510.0,0.41992836021323476
3520.0,0.41579267964610006
3520.0,0.41579267964610006
3520.0,0.41579267964610006
3520.0,0.41579267964610006
3520.0,0.41579267964610006
3530.0,0.41128199451353353
3530.0,0.41128199451353353
3530.0,0.41128199451353353
3530.0,0.41128199451353353
3530.0,0.41128199451353353
3540.0,0.40638504260530073
3540.0,0.40638504260530073
3540.0,0.40638504260530073
3540.0,0.40638504260530073
3540.0,0.40638504260530073
3540.0,0.40638504260530073
3550.0,0.4010903841597361
3550.0,0.4010903841597361
3550.0,0.4010903841597361
3550.0,0.4010903841597361
3550.0,0.4010903841597361
3560.0,0.3953864006844913
3560.0,0.3953864006844913
3560.0,0.3953864006844913
3560.0,0.3953864006844913
3560.0,0.3953864006844913
3570.0,0.3892612937772485
3570.0,0.3892612937772485
3570.0,0.3892612937772485
3570.0,0.3892612937772485
3570.0,0.3892612937772485
3570.0,0.3892612937772485
3580.0,0.3827030839463402
3580.0,0.3827030839463402
3580.0,0.3827030839463402
3580.0,0.3827030839463402
3580.0,0.3827030839463402
3590.0,0.3756996094315059
3590.0,0.3756996094315059
3590.0,0.3756996094315059
3590.0,0.3756996094315059
3590.0,0.3756996094315059
3600.0,0.3682385250245901
3600.0,0.3682385250245901
3600.0,0.3682385250245901
3600.0,0.3682385250245901
3600.0,0.3682385250245901
3600.0,0.3682385250245901
3610.0,0.36030730089020596
3610.0,0.36030730089020596
3610.0,0.36030730089020596
3610.0,0.36030730089020596
3610.0,0.36030730089020596
3620.0,0.3518932213864411
3620.0,0.3518932213864411
3620.0,0.3518932213864411
3620.0,0.3518932213864411
3620.0,0.3518932213864411
3630.0,0.3429833838855704
3630.0,0.3429833838855704
3630.0,0.3429833838855704
3630.0,0.3429833838855704
3630.0,0.3429833838855704
3630.0,0.3429833838855704
3640.0,0.33356469759472673
3640.0,0.33356469759472673
3640.0,0.33356469759472673
3640.0,0.33356469759472673
3640.0,0.33356469759472673
3650.0,0.32362388237662776
3650.0,0.32362388237662776
3650.0,0.32362388237662776
3650.0,0.32362388237662776
3650.0,0.32362388237662776
3650.0,0.32362388237662776
3660.0,0.3131474675702396
3660.0,0.3131474675702396
3660.0,0.3131474675702396
3660.0,0.3131474675702396
3660.0,0.3131474675702396
3670.0,0.30212179081151075
3670.0,0.30212179081151075
3670.0,0.30212179081151075
3670.0,0.30212179081151075
3670.0,0.30212179081151075
3680.0,0.2905329968540143
3680.0,0.2905329968540143
3680.0,0.2905329968540143
3680.0,0.2905329968540143
3680.0,0.2905329968540143
3680.0,0.2905329968540143
3690.0,0.27836703638968924
3690.0,0.27836703638968924
3690.0,0.27836703638968924
3690.0,0.27836703638968924
3690.0,0.27836703638968924
3700.0,0.26560966486954635
3700.0,0.26560966486954635
3700.0,0.26560966486954635
3700.0,0.26560966486954635
3700.0,0.26560966486954635
3700.0,0.26560966486954635
3710.0,0.2522464413242959
3710.0,0.2522464413242959
3710.0,0.2522464413242959
3710.0,0.2522464413242959
3710.0,0.2522464413242959
3720.0,0.2382627271851106
3720.0,0.2382627271851106
3720.0,0.2382627271851106
3720.0,0.2382627271851106
3720.0,0.2382627271851106
3720.0,0.2382627271851461
3730.0,0.22364368510435945
3730.0,0.22364368510436655
3730.0,0.22364368510437366
3730.0,0.22364368510436655
=======
1002.14,-0.40522937429182093
1004.77,-3.3022251203021824
1007.38,0.20060419683341024
1010.0,0.18352098250011295
1012.62,-1.1135622318238347
1015.24,-0.7306454459801444
1017.85,-0.9678161289191394
1020.47,-1.3848993432100087
1023.08,-1.5420700261488491
1025.7,-1.479153240440155
1028.31,-1.0563239233788408
1030.92,0.5665053936822915
1033.53,-0.37066528925652165
1036.14,-0.6078359721955167
1038.75,0.11499334486575208
1041.36,0.9578226619269117
1043.97,-1.2393480210121197
1046.58,1.5234812960491126
1049.18,-1.0537768555373077
1051.79,-2.210947538476148
1054.39,-1.2482056900628322
1057.0,0.6546236269985002
1059.6,0.11736547541181608
1062.2,0.2001073238252502
1064.8,0.08284917223863886
1067.4,-1.1744089793478452
1070.0,-1.031667130934693
1072.6,0.2510747174787866
1075.2,-0.9261834341075428
1077.8,-1.5234415856943997
1080.39,-0.9207872059287183
1082.99,0.4819546424848795
1085.58,-0.9153909777496665
1088.18,-0.49264912933608684
1090.77,-1.0299947495702781
1093.36,1.5926596301951577
1095.95,-1.2246859900390064
1098.54,0.23796838972657497
1101.13,-1.0993772305077982
1103.72,-1.7967228507420714
1106.31,-1.9940684709763445
1108.9,-0.8514140912106996
1111.48,-0.6688471800928255
1114.07,-0.8061928003269259
1116.65,-0.22362588920918824
1119.24,0.539028490556575
1121.82,0.7815954016743945
1124.4,-0.4758376872075587
1126.98,-1.613270776089621
1129.56,-0.39070386497178333
1132.14,-0.2481369538538729
1134.72,-0.28557004273602615
1137.3,0.4569968683820207
1139.87,-0.7405236891477216
1142.45,-0.6779567780299658
1145.03,1.0246101330881174
1147.6,-0.2729104244417613
1150.17,-1.0104309819714672
1152.75,0.15213592914619767
1155.32,0.19461537161646447
1157.89,1.297094814086904
1160.46,0.2795742565567707
1163.03,-0.3579463009727988
1165.6,0.0045331414971769846
1168.17,-0.6129874160324107
1170.74,0.44949202643761055
1173.3,2.1918840002601883
1175.87,0.15436344273007307
1178.43,1.6967554165528327
1181.0,1.039234859023054
1183.56,0.021626832845413446
1186.12,-0.07598119333215436
1188.68,-2.0135892195098677
1191.24,-0.3111972456872536
1193.8,-0.3688052718648578
1196.36,0.15358670195769264
1198.92,1.855978675779852
1201.48,-1.5816293503974066
1204.04,1.600762623424771
1206.59,0.043067128599659554
1209.15,0.5454591024220008
1211.7,1.3677636075967712
1214.25,1.470068112771287
1216.81,0.31246008659400104
1219.36,0.19476459176848948
1221.91,1.4170690969433508
1224.46,0.5593736021178302
1227.01,0.5616781072926642
1229.56,0.26398261246731636
1232.1,-0.5338003510055387
1234.65,-0.7514958458309593
1237.2,-0.3891913406562253
1239.74,0.993025695870756
1242.29,1.1953302010451807
1244.83,0.13754723757233478
1247.37,0.8197642740992706
1249.92,0.3420687792740864
1252.46,1.404285815800904
1255.0,-0.23349714767209662
1257.54,2.048719888854748
1260.08,0.47093692538192045
1262.61,-0.18693350673902387
1265.15,0.9552835297879483
1267.69,-1.102499433685125
1270.22,-0.08036986580600569
1272.76,0.30184717072120293
1275.29,-0.4160232613996868
1277.83,1.3861937751271398
1280.36,0.5883233430065502
1282.89,0.5104529108855331
1285.42,1.4725824787649344
1287.95,2.6347120466439264
1290.48,0.4168416145230367
1293.01,0.058971182402501654
1295.54,1.9611007502815028
1298.06,-0.37685715048678503
1300.59,2.4652724173922707
1303.11,3.1273145166237555
1305.64,1.809444084503184
1308.16,0.8514861837345507
1310.69,1.4536157516138246
1313.21,2.3756578508453003
1315.73,2.7376999500766033
1318.25,0.6797420493082882
1320.77,1.0417841485395911
1323.29,2.423826247770876
1325.81,0.5058683470026608
1328.32,1.1078229775862383
1330.84,2.489865076817523
1333.36,1.811907176049317
1335.87,3.3938618066329127
1338.38,1.9758164372165083
1340.9,2.8778585364482296
1343.41,0.7598131670317798
1345.92,3.041767797615421
1348.43,2.4637224281993895
1350.94,2.905677058782885
1353.45,2.1476316893665626
1355.96,3.069586319950531
1358.47,2.891540950534136
1360.98,3.1934955811177588
1363.48,3.3553627430537745
1365.99,2.5973173736376793
1368.49,1.8991845355735677
1371.0,1.7811391661571179
1373.5,2.18300632809337
1376.0,3.884873490029122
1378.5,3.106740651965083
1381.0,3.0286078139010897
1383.5,2.63047497583716
1386.0,2.5323421377731847
1388.5,3.954209299708964
1391.0,1.8960764616451797
1393.5,4.877943623581132
1395.99,4.519723316869204
1398.49,2.981590478805174
1400.98,3.1633701720936642
1403.48,2.885237334029398
1405.97,2.5270170273176973
1408.46,1.4687967206059511
1410.95,2.9705764138941504
1413.44,1.4923561071823315
1415.93,2.954135800470567
1418.42,4.155915493758812
1420.91,1.7176951870469566
1423.4,1.5794748803352832
1425.88,2.481167104975839
1428.37,1.4629467982640563
1430.86,1.2047264915522646
1433.34,1.9864187161929294
1435.82,2.3881109408332577
1438.31,3.1098906341214843
1440.79,3.1315828587619308
1443.27,3.093275083402432
1445.75,3.2349673080429966
1448.23,2.4366595326835068
1450.71,2.8183517573238532
1453.19,1.6600439819644635
1455.66,1.2616487379571026
1458.14,0.5233409625975582
1460.62,2.2650331872382594
1463.09,0.08663794323092588
1465.57,2.5883301678713906
1468.04,2.5899349238641207
1470.51,2.2715396798569145
1472.98,1.3131444358496083
1475.46,2.8748366604902458
1477.93,1.7364414164828759
1480.4,2.8180461724755332
1482.86,3.059563459820538
1485.33,2.561168215813268
1487.8,1.982772971806071
1490.27,0.9243777277988556
1492.73,1.7658950151439967
1495.2,1.4274997711365813
1497.66,0.4490170584815587
1500.13,2.9906218144742525
1502.59,2.552139101819421
1505.05,0.7336563891642527
1507.51,2.3751736765093483
1509.97,2.5366909638541983
1512.43,1.6982082511995031
1514.89,0.779725538544426
1517.35,1.5012428258894488
1519.81,2.20276011323449
1522.26,1.6841899319315417
1524.72,0.9057072192765645
1527.18,1.0072245066216965
1529.63,3.7286543253187574
1532.08,1.1100841440161275
1534.54,2.891601431361096
1536.99,2.813031250058202
1539.44,0.8344610687556724
1541.89,1.8958908874531062
1544.34,0.877320706150158
1546.79,2.398750524847401
1549.24,3.440180343544853
1551.69,2.5016101622420592
1554.13,2.9629525122913947
1556.58,3.6443823309887193
1559.02,3.1857246810382094
1561.47,1.5271544997353885
1563.91,2.268496849784924
1566.36,1.0499266684821578
1568.8,3.9912690185317388
1571.24,3.0526113685812106
1573.68,2.193953718630837
1576.12,2.6952960686803635
1578.56,1.4366384187296717
1581.0,2.9179807687792163
1583.44,2.1993231188287155
1585.87,4.200578000230507
1588.31,2.9819203502800065
1590.74,2.0831752316819347
1593.18,1.4445175817313611
1595.61,1.305772463133053
1598.05,2.647114813182725
1600.48,1.6283696945843076
1602.91,1.7296245759862359
1605.34,2.6108794573879095
1607.77,2.132134338789683
1610.2,0.013389220191584172
1612.63,0.25464410159338513
1615.06,1.355898982995086
1617.49,0.6771538643968142
1619.91,1.0383212771507715
1622.34,2.119576158552718
1624.76,1.8607435713067844
1627.19,1.8219984527083852
1629.61,0.3231658654624425
1632.03,1.304333278216518
1634.46,1.9255881596182007
1636.88,0.926755572372258
1639.3,-0.012077014873511871
1641.72,-0.3709096021195819
1644.14,0.7902578106345572
1646.56,1.451425223388469
1648.97,0.7525051674947463
1651.39,-1.42632741975126
1653.81,0.5148399930026244
1656.22,-0.24408006289104378
1658.64,0.13708734986289528
1661.05,-1.081832706030582
1663.46,-1.3607527619244593
1665.88,0.7604146508297163
1668.29,0.261494594936039
1670.7,1.7625745390423617
1673.11,-1.576345516851461
1675.52,-0.8352655727451292
1677.93,0.06581437136128443
1680.34,0.44689431546726155
1682.74,0.1878867909258588
1685.15,-1.2110332649679094
1687.56,-1.529953320861523
1689.96,1.491039154597047
1692.36,-0.9079683699444558
1694.77,-0.22688842583806945
1697.17,0.4141040496203914
1699.57,0.27509652507910687
1701.97,-0.4839109994627506
1704.38,-0.9428310553562369
1706.78,0.1381614201022785
1709.17,-0.8809335730868497
1711.57,-0.6799410976286708
1713.97,-0.458948622169828
1716.37,-0.05795614671137628
1718.76,-2.7770511399007773
1721.16,-0.37605866444209823
1723.55,-1.6351536576312355
1725.95,-1.5541611821727201
1728.34,-0.7732561753618938
1730.73,0.12764883144882333
1733.13,-1.0513586930928795
1735.52,-0.1304536862819532
1737.91,-1.1895486794712724
1740.3,-2.528643672660337
1742.69,-1.7877386658494743
1745.07,-1.2469211276863916
1747.46,-1.3060161208754835
1749.85,-1.2451111140649118
1752.24,-0.5042061072540491
1754.62,0.27661143090927
1757.01,-1.802483562280031
1759.39,-1.081666024117112
1761.77,-0.12084848595418407
1764.15,-0.060030947791119615
1766.54,-0.5391259409800568
1768.92,-1.5983084028168832
1771.3,-0.737490864654319
1773.68,0.42332667350888187
1776.06,-0.5758557883279991
1778.43,-1.49512571881246
1780.81,-1.5343081806497594
1783.19,-0.6334906424867768
1785.56,-0.3727605729714014
1787.94,-1.0319430348081369
1790.31,-2.131212965016175
1792.69,-1.010395426593277
1795.06,0.11033464326578724
1797.43,-1.1489352873593361
1799.81,-1.3881177483310694
>>>>>>> 5efe26fb4fccc008935e881a32f9cf9a4a5267d1
