0,0.001742
50,0.00202147
100,0.0019717
150,0.00186405
200,0.00190376
250,0.00196768
300,0.00197389
350,0.0019293
400,0.00201006
450,0.00198816
500,0.00198745
550,0.00210532
600,0.00202809
650,0.00211968
700,0.00204618
750,0.00210243
800,0.00209288
850,0.00216764
900,0.00216076
950,0.00218913
1000,0.00217808
1050,0.00223679
1100,0.00230087
1150,0.00227037
1200,0.00228818
1250,0.00230913
1300,0.00230729
1350,0.00218566
1400,0.00235976
1450,0.00235648
1500,0.00236967
1550,0.00242131
1600,0.00238668
1650,0.00243009
1700,0.00246961
1750,0.00243597
1800,0.00252336
1850,0.00259225
1900,0.00255792
1950,0.0025096
2000,0.00259113
2050,0.00257683
2100,0.00262558
2150,0.00266433
2200,0.00259238
2250,0.00260937
2300,0.00270086
2350,0.00273594
2400,0.00269875
2450,0.00281044
2500,0.00284047
2550,0.0029361
2600,0.00288444
2650,0.00293321
2700,0.0030327
2750,0.00291714
2800,0.00290989
2850,0.00294278
2900,0.00296954
2950,0.00311935
3000,0.00311496
3050,0.00303499
3100,0.00323572
3150,0.00317009
3200,0.00312135
3250,0.00320687
3300,0.0032696
3350,0.00323636
3400,0.00344616
3450,0.00342379
3500,0.00334388
3550,0.00352856
3600,0.00338407
3650,0.00342401
3700,0.00344583
3750,0.00351562
3800,0.00353608
3850,0.00358685
3900,0.00375238
3950,0.003703
4000,0.00378073
4050,0.00371164
4100,0.00378435
4150,0.00384016
4200,0.00381203
4250,0.00394393
4300,0.00391831
4350,0.00397059
4400,0.00407986
4450,0.00402972
4500,0.00419235
4550,0.0042132
4600,0.00422408
4650,0.00434783
4700,0.00431682
4750,0.00433174
4800,0.00441039
4850,0.00443685
4900,0.00458494
4950,0.00454912
5000,0.0046445
5050,0.00457837
5100,0.00473108
5150,0.00476366
5200,0.00490747
5250,0.00461923
5300,0.00488981
5350,0.00500915
5400,0.00511449
5450,0.00522454
5500,0.00506904
5550,0.00530794
5600,0.0053231
5650,0.00541289
5700,0.00540362
5750,0.00563285
5800,0.00565043
5850,0.00569764
5900,0.0056401
5950,0.00581911
6000,0.00592849
6050,0.00599993
6100,0.00605112
6150,0.00595247
6200,0.00615455
6250,0.0062423
6300,0.0064447
6350,0.00651145
6400,0.00660624
6450,0.00685529
6500,0.00698681
6550,0.00699593
6600,0.00722589
6650,0.00729426
6700,0.00736826
6750,0.00743706
6800,0.00761907
6850,0.00791367
6900,0.00809798
6950,0.00808935
7000,0.00833632
7050,0.00818664
7100,0.00842814
7150,0.00874085
7200,0.00884352
7250,0.00915838
7300,0.00933701
7350,0.00946006
7400,0.00966433
7450,0.00975579
7500,0.0103244
7550,0.0105113
7600,0.0109154
7650,0.0110607
7700,0.0113978
7750,0.0117141
7800,0.0121351
7850,0.0125766
7900,0.0128497
7950,0.0131356
8000,0.0135169
8050,0.0138584
8100,0.0142566
8150,0.0149089
8200,0.0153306
8250,0.0156589
8300,0.0163975
8350,0.0166811
8400,0.0171906
8450,0.0176938
8500,0.0177832
8550,0.0180983
8600,0.018083
8650,0.018285
8700,0.0181557
8750,0.017692
8800,0.0172145
8850,0.0168964
8900,0.016057
8950,0.0150178
9000,0.0135769
9050,0.0120621
9100,0.010685
9150,0.00875471
9200,0.00673492
9250,0.0049322
9300,0.00342164
9350,0.00211214
9400,0.00143056
9450,0.000758366
9500,0.000380563
9550,0.000171428
9600,4.67417E-05
9650,1.99713E-05
9700,5.1479E-06
9750,0
9800,0
9850,0
9900,0
9950,0
10000,0
10050,0
10100,0
10150,0
10200,0
10250,0
10300,0
10350,0
10400,0
10450,0
10500,0
10550,0
10600,0
10650,0
10700,0
10750,0
10800,0
10850,0
10900,0
10950,0
11000,0
11050,0
11100,0
11150,0
11200,0
11250,0
11300,0
11350,0
11400,0
11450,0
11500,0
11550,0
11600,0
11650,0
11700,0
11750,0
11800,0
11850,0
11900,0
11950,0
12000,0
12050,0
12100,0
12150,0
12200,0
12250,0
12300,0
12350,0
12400,0
12450,0
12500,0
12550,0
12600,0
12650,0
12700,0
12750,0
12800,0
12850,0
12900,0
12950,0
13000,0
13050,0
13100,0
13150,0
13200,0
13250,0
13300,0
13350,0
13400,0
13450,0
13500,0
13550,0
13600,0
13650,0
13700,0
13750,0
13800,0
13850,0
13900,0
13950,0
14000,0
14050,0
14100,0
14150,0
14200,0
14250,0
14300,0
14350,0
14400,0
14450,0
14500,0
14550,0
14600,0
14650,0
14700,0
14750,0
14800,0
14850,0
14900,0
14950,0
