 5.36546E+02	 1.62197E+03
 5.36630E+02	 1.62437E+03
 5.36713E+02	 1.62740E+03
 5.36797E+02	 1.63713E+03
 5.36881E+02	 1.64370E+03
 5.36964E+02	 1.64120E+03
 5.37048E+02	 1.65283E+03
 5.37132E+02	 1.64717E+03
 5.37216E+02	 1.65300E+03
 5.37299E+02	 1.65717E+03
 5.37383E+02	 1.65450E+03
 5.37467E+02	 1.66243E+03
 5.37550E+02	 1.65333E+03
 5.37634E+02	 1.66833E+03
 5.37718E+02	 1.66330E+03
 5.37801E+02	 1.67180E+03
 5.37885E+02	 1.67503E+03
 5.37969E+02	 1.67367E+03
 5.38052E+02	 1.67947E+03
 5.38136E+02	 1.67723E+03
 5.38220E+02	 1.68553E+03
 5.38303E+02	 1.68600E+03
 5.38387E+02	 1.68547E+03
 5.38471E+02	 1.68190E+03
 5.38554E+02	 1.68843E+03
 5.38638E+02	 1.67993E+03
 5.38722E+02	 1.68660E+03
 5.38805E+02	 1.67967E+03
 5.38889E+02	 1.68333E+03
 5.38973E+02	 1.68033E+03
 5.39056E+02	 1.67617E+03
 5.39140E+02	 1.68327E+03
 5.39224E+02	 1.67833E+03
 5.39307E+02	 1.68617E+03
 5.39391E+02	 1.67793E+03
 5.39474E+02	 1.67803E+03
 5.39558E+02	 1.67840E+03
 5.39642E+02	 1.68457E+03
 5.39725E+02	 1.68030E+03
 5.39809E+02	 1.67247E+03
 5.39893E+02	 1.67220E+03
 5.39976E+02	 1.66937E+03
 5.40060E+02	 1.66913E+03
 5.40143E+02	 1.66917E+03
 5.40227E+02	 1.66663E+03
 5.40311E+02	 1.66570E+03
 5.40394E+02	 1.66410E+03
 5.40478E+02	 1.66210E+03
 5.40561E+02	 1.65743E+03
 5.40645E+02	 1.65823E+03
 5.40729E+02	 1.65713E+03
 5.40812E+02	 1.65400E+03
 5.40896E+02	 1.66160E+03
 5.40979E+02	 1.65953E+03
 5.41063E+02	 1.65950E+03
 5.41146E+02	 1.65923E+03
 5.41230E+02	 1.65780E+03
 5.41314E+02	 1.64830E+03
 5.41397E+02	 1.65367E+03
 5.41481E+02	 1.64763E+03
 5.41564E+02	 1.64760E+03
 5.41648E+02	 1.64493E+03
 5.41731E+02	 1.64497E+03
 5.41815E+02	 1.64370E+03
 5.41898E+02	 1.65087E+03
 5.41982E+02	 1.64133E+03
 5.42065E+02	 1.64087E+03
 5.42149E+02	 1.64813E+03
 5.42233E+02	 1.64270E+03
 5.42316E+02	 1.63613E+03
 5.42400E+02	 1.64107E+03
 5.42483E+02	 1.64117E+03
 5.42567E+02	 1.64260E+03
 5.42650E+02	 1.63653E+03
 5.42734E+02	 1.63277E+03
 5.42817E+02	 1.64150E+03
 5.42901E+02	 1.63897E+03
 5.42984E+02	 1.63583E+03
 5.43068E+02	 1.63647E+03
 5.43151E+02	 1.63427E+03
 5.43235E+02	 1.63950E+03
 5.43318E+02	 1.63763E+03
 5.43402E+02	 1.63293E+03
 5.43485E+02	 1.63667E+03
 5.43569E+02	 1.63140E+03
 5.43652E+02	 1.63263E+03
 5.43736E+02	 1.63720E+03
 5.43819E+02	 1.63297E+03
 5.43903E+02	 1.63080E+03
 5.43986E+02	 1.63363E+03
 5.44070E+02	 1.63463E+03
 5.44153E+02	 1.63457E+03
 5.44236E+02	 1.63437E+03
 5.44320E+02	 1.63453E+03
 5.44403E+02	 1.62693E+03
 5.44487E+02	 1.62860E+03
 5.44570E+02	 1.62697E+03
 5.44654E+02	 1.62900E+03
 5.44737E+02	 1.63650E+03
 5.44821E+02	 1.63433E+03
 5.44904E+02	 1.63663E+03
 5.44987E+02	 1.63320E+03
 5.45071E+02	 1.63487E+03
 5.45154E+02	 1.63580E+03
 5.45238E+02	 1.64117E+03
 5.45321E+02	 1.63397E+03
 5.45405E+02	 1.63927E+03
 5.45488E+02	 1.63863E+03
 5.45571E+02	 1.64207E+03
 5.45655E+02	 1.64367E+03
 5.45738E+02	 1.64253E+03
 5.45822E+02	 1.63643E+03
 5.45905E+02	 1.63873E+03
 5.45989E+02	 1.64180E+03
 5.46072E+02	 1.64323E+03
 5.46155E+02	 1.64450E+03
 5.46239E+02	 1.64620E+03
 5.46322E+02	 1.64773E+03
 5.46406E+02	 1.64097E+03
 5.46489E+02	 1.64287E+03
 5.46572E+02	 1.64520E+03
 5.46656E+02	 1.63723E+03
 5.46739E+02	 1.64417E+03
 5.46822E+02	 1.64300E+03
 5.46906E+02	 1.64553E+03
 5.46989E+02	 1.64547E+03
 5.47073E+02	 1.64167E+03
 5.47156E+02	 1.63623E+03
 5.47239E+02	 1.63363E+03
 5.47323E+02	 1.63883E+03
 5.47406E+02	 1.63817E+03
 5.47489E+02	 1.63347E+03
 5.47573E+02	 1.63293E+03
 5.47656E+02	 1.63143E+03
 5.47739E+02	 1.62593E+03
 5.47823E+02	 1.62953E+03
 5.47906E+02	 1.62827E+03
 5.47989E+02	 1.63023E+03
 5.48073E+02	 1.62660E+03
 5.48156E+02	 1.61993E+03
 5.48240E+02	 1.61977E+03
 5.48323E+02	 1.62127E+03
 5.48406E+02	 1.61827E+03
 5.48489E+02	 1.61980E+03
 5.48573E+02	 1.61650E+03
 5.48656E+02	 1.61430E+03
 5.48739E+02	 1.61007E+03
 5.48823E+02	 1.60880E+03
 5.48906E+02	 1.60317E+03
 5.48989E+02	 1.59987E+03
 5.49073E+02	 1.60113E+03
 5.49156E+02	 1.60430E+03
 5.49239E+02	 1.59353E+03
 5.49323E+02	 1.59790E+03
 5.49406E+02	 1.59213E+03
 5.49489E+02	 1.58850E+03
 5.49572E+02	 1.59310E+03
 5.49656E+02	 1.59430E+03
 5.49739E+02	 1.58583E+03
 5.49822E+02	 1.58357E+03
 5.49906E+02	 1.58437E+03
 5.49989E+02	 1.58493E+03
 5.50072E+02	 1.58313E+03
 5.50155E+02	 1.58387E+03
 5.50239E+02	 1.57853E+03
 5.50322E+02	 1.57787E+03
 5.50405E+02	 1.58513E+03
 5.50488E+02	 1.57853E+03
 5.50572E+02	 1.58157E+03
 5.50655E+02	 1.57417E+03
 5.50738E+02	 1.57850E+03
 5.50822E+02	 1.57693E+03
 5.50905E+02	 1.58150E+03
 5.50988E+02	 1.58073E+03
 5.51071E+02	 1.57710E+03
 5.51154E+02	 1.58010E+03
 5.51238E+02	 1.58167E+03
 5.51321E+02	 1.57920E+03
 5.51404E+02	 1.58147E+03
 5.51487E+02	 1.57880E+03
 5.51571E+02	 1.57533E+03
 5.51654E+02	 1.57777E+03
 5.51737E+02	 1.58543E+03
 5.51820E+02	 1.57433E+03
 5.51904E+02	 1.57627E+03
 5.51987E+02	 1.57907E+03
 5.52070E+02	 1.58363E+03
 5.52153E+02	 1.58537E+03
 5.52236E+02	 1.58183E+03
 5.52320E+02	 1.57740E+03
 5.52403E+02	 1.58350E+03
 5.52486E+02	 1.58107E+03
 5.52569E+02	 1.57907E+03
 5.52652E+02	 1.58047E+03
 5.52736E+02	 1.58070E+03
 5.52819E+02	 1.57947E+03
 5.52902E+02	 1.58160E+03
 5.52985E+02	 1.58633E+03
 5.53068E+02	 1.58337E+03
 5.53151E+02	 1.58207E+03
 5.53235E+02	 1.57560E+03
 5.53318E+02	 1.58117E+03
 5.53401E+02	 1.58017E+03
 5.53484E+02	 1.58400E+03
 5.53567E+02	 1.58427E+03
 5.53650E+02	 1.57923E+03
 5.53734E+02	 1.58390E+03
 5.53817E+02	 1.59177E+03
 5.53900E+02	 1.59080E+03
 5.53983E+02	 1.58850E+03
 5.54066E+02	 1.59373E+03
 5.54149E+02	 1.59353E+03
 5.54233E+02	 1.58707E+03
 5.54316E+02	 1.59413E+03
 5.54399E+02	 1.59100E+03
 5.54482E+02	 1.59327E+03
 5.54565E+02	 1.59857E+03
 5.54648E+02	 1.59390E+03
 5.54731E+02	 1.58763E+03
 5.54814E+02	 1.58957E+03
 5.54898E+02	 1.58930E+03
 5.54981E+02	 1.58410E+03
 5.55064E+02	 1.58797E+03
 5.55147E+02	 1.58943E+03
 5.55230E+02	 1.58580E+03
 5.55313E+02	 1.58097E+03
 5.55396E+02	 1.57567E+03
 5.55479E+02	 1.57887E+03
 5.55562E+02	 1.57087E+03
 5.55646E+02	 1.57707E+03
 5.55729E+02	 1.57337E+03
 5.55812E+02	 1.57063E+03
 5.55895E+02	 1.56487E+03
 5.55978E+02	 1.57080E+03
 5.56061E+02	 1.56540E+03
 5.56144E+02	 1.56940E+03
 5.56227E+02	 1.56887E+03
 5.56310E+02	 1.56840E+03
 5.56393E+02	 1.56727E+03
 5.56476E+02	 1.56507E+03
 5.56560E+02	 1.56670E+03
 5.56643E+02	 1.56123E+03
 5.56726E+02	 1.56487E+03
 5.56809E+02	 1.56160E+03
 5.56892E+02	 1.56497E+03
 5.56975E+02	 1.56090E+03
 5.57058E+02	 1.56260E+03
 5.57141E+02	 1.56257E+03
 5.57224E+02	 1.56347E+03
 5.57307E+02	 1.56077E+03
 5.57390E+02	 1.55947E+03
 5.57473E+02	 1.55727E+03
 5.57556E+02	 1.55410E+03
 5.57639E+02	 1.56073E+03
 5.57722E+02	 1.56040E+03
 5.57805E+02	 1.55213E+03
 5.57888E+02	 1.55830E+03
 5.57971E+02	 1.55587E+03
 5.58054E+02	 1.54777E+03
 5.58137E+02	 1.55103E+03
 5.58220E+02	 1.55050E+03
 5.58303E+02	 1.54913E+03
 5.58386E+02	 1.54520E+03
 5.58469E+02	 1.55463E+03
 5.58552E+02	 1.55053E+03
 5.58635E+02	 1.55213E+03
 5.58718E+02	 1.54807E+03
 5.58802E+02	 1.54240E+03
 5.58885E+02	 1.54803E+03
 5.58968E+02	 1.54243E+03
 5.59050E+02	 1.54443E+03
 5.59133E+02	 1.54210E+03
 5.59216E+02	 1.55017E+03
 5.59299E+02	 1.54200E+03
 5.59382E+02	 1.54573E+03
 5.59465E+02	 1.53720E+03
 5.59548E+02	 1.54057E+03
 5.59631E+02	 1.53340E+03
 5.59714E+02	 1.53567E+03
 5.59797E+02	 1.53630E+03
 5.59880E+02	 1.53563E+03
 5.59963E+02	 1.53363E+03
 5.60046E+02	 1.52993E+03
 5.60129E+02	 1.53177E+03
 5.60212E+02	 1.53313E+03
 5.60295E+02	 1.52667E+03
 5.60378E+02	 1.52827E+03
 5.60461E+02	 1.52500E+03
 5.60544E+02	 1.52163E+03
 5.60627E+02	 1.51390E+03
 5.60710E+02	 1.52287E+03
 5.60793E+02	 1.51430E+03
 5.60876E+02	 1.51897E+03
 5.60959E+02	 1.51283E+03
 5.61042E+02	 1.51610E+03
 5.61125E+02	 1.50620E+03
 5.61208E+02	 1.51050E+03
 5.61290E+02	 1.50320E+03
 5.61373E+02	 1.50713E+03
 5.61456E+02	 1.50760E+03
 5.61539E+02	 1.50687E+03
 5.61622E+02	 1.50303E+03
 5.61705E+02	 1.50710E+03
 5.61788E+02	 1.50437E+03
 5.61871E+02	 1.50197E+03
 5.61954E+02	 1.50053E+03
 5.62037E+02	 1.50217E+03
 5.62120E+02	 1.50190E+03
 5.62203E+02	 1.49667E+03
 5.62285E+02	 1.49797E+03
 5.62368E+02	 1.49513E+03
 5.62451E+02	 1.49340E+03
 5.62534E+02	 1.50233E+03
 5.62617E+02	 1.49787E+03
 5.62700E+02	 1.49597E+03
 5.62783E+02	 1.49800E+03
 5.62866E+02	 1.49783E+03
 5.62949E+02	 1.49677E+03
 5.63031E+02	 1.49813E+03
 5.63114E+02	 1.49657E+03
 5.63197E+02	 1.49473E+03
 5.63280E+02	 1.49483E+03
 5.63363E+02	 1.49390E+03
 5.63446E+02	 1.49717E+03
 5.63529E+02	 1.49270E+03
 5.63612E+02	 1.49193E+03
 5.63694E+02	 1.48973E+03
 5.63777E+02	 1.48563E+03
 5.63860E+02	 1.48987E+03
 5.63943E+02	 1.48840E+03
 5.64026E+02	 1.49077E+03
 5.64109E+02	 1.48707E+03
 5.64191E+02	 1.48600E+03
 5.64274E+02	 1.49200E+03
 5.64357E+02	 1.48780E+03
 5.64440E+02	 1.48527E+03
 5.64523E+02	 1.48533E+03
 5.64606E+02	 1.48543E+03
 5.64689E+02	 1.48607E+03
 5.64771E+02	 1.48800E+03
 5.64854E+02	 1.48547E+03
 5.64937E+02	 1.48530E+03
 5.65020E+02	 1.48680E+03
 5.65103E+02	 1.48747E+03
 5.65185E+02	 1.48383E+03
 5.65268E+02	 1.48130E+03
 5.65351E+02	 1.48100E+03
 5.65434E+02	 1.48483E+03
 5.65517E+02	 1.47763E+03
 5.65599E+02	 1.48470E+03
 5.65682E+02	 1.48370E+03
 5.65765E+02	 1.47990E+03
 5.65848E+02	 1.48100E+03
 5.65931E+02	 1.48203E+03
 5.66013E+02	 1.48373E+03
 5.66096E+02	 1.48497E+03
 5.66179E+02	 1.48707E+03
 5.66262E+02	 1.48287E+03
 5.66345E+02	 1.47993E+03
 5.66427E+02	 1.48220E+03
 5.66510E+02	 1.48290E+03
 5.66593E+02	 1.48383E+03
 5.66676E+02	 1.48520E+03
 5.66758E+02	 1.48117E+03
 5.66841E+02	 1.48033E+03
 5.66924E+02	 1.48313E+03
 5.67007E+02	 1.48227E+03
 5.67090E+02	 1.48120E+03
 5.67172E+02	 1.48147E+03
 5.67255E+02	 1.48030E+03
 5.67338E+02	 1.48233E+03
 5.67421E+02	 1.48037E+03
 5.67503E+02	 1.48277E+03
 5.67586E+02	 1.48037E+03
 5.67669E+02	 1.48743E+03
 5.67752E+02	 1.48247E+03
 5.67834E+02	 1.47590E+03
 5.67917E+02	 1.47930E+03
 5.68000E+02	 1.48043E+03
 5.68083E+02	 1.47843E+03
 5.68165E+02	 1.48033E+03
 5.68248E+02	 1.48210E+03
 5.68331E+02	 1.48040E+03
 5.68413E+02	 1.47797E+03
 5.68496E+02	 1.47883E+03
 5.68579E+02	 1.47993E+03
 5.68662E+02	 1.47870E+03
 5.68744E+02	 1.48250E+03
 5.68827E+02	 1.48327E+03
 5.68910E+02	 1.48217E+03
 5.68992E+02	 1.47907E+03
 5.69075E+02	 1.48153E+03
 5.69158E+02	 1.47293E+03
 5.69241E+02	 1.47943E+03
 5.69323E+02	 1.47760E+03
 5.69406E+02	 1.47700E+03
 5.69489E+02	 1.48057E+03
 5.69571E+02	 1.48233E+03
 5.69654E+02	 1.48377E+03
 5.69737E+02	 1.47433E+03
 5.69819E+02	 1.48323E+03
 5.69902E+02	 1.47753E+03
 5.69985E+02	 1.47937E+03
 5.70067E+02	 1.47630E+03
 5.70150E+02	 1.48270E+03
 5.70233E+02	 1.47983E+03
 5.70315E+02	 1.48027E+03
 5.70398E+02	 1.48303E+03
 5.70481E+02	 1.47470E+03
 5.70563E+02	 1.47673E+03
 5.70646E+02	 1.47967E+03
 5.70729E+02	 1.48077E+03
 5.70811E+02	 1.47750E+03
 5.70894E+02	 1.47410E+03
 5.70977E+02	 1.47963E+03
 5.71059E+02	 1.47880E+03
 5.71142E+02	 1.47727E+03
 5.71225E+02	 1.47657E+03
 5.71307E+02	 1.48083E+03
 5.71390E+02	 1.48070E+03
 5.71473E+02	 1.47813E+03
 5.71555E+02	 1.48360E+03
 5.71638E+02	 1.47703E+03
 5.71720E+02	 1.48200E+03
 5.71803E+02	 1.48237E+03
 5.71886E+02	 1.48447E+03
 5.71968E+02	 1.48303E+03
 5.72051E+02	 1.48423E+03
 5.72134E+02	 1.48240E+03
 5.72216E+02	 1.48420E+03
 5.72299E+02	 1.48510E+03
 5.72381E+02	 1.48070E+03
 5.72464E+02	 1.48933E+03
 5.72547E+02	 1.48703E+03
 5.72629E+02	 1.48647E+03
 5.72712E+02	 1.49077E+03
 5.72794E+02	 1.48760E+03
 5.72877E+02	 1.49127E+03
 5.72960E+02	 1.48810E+03
 5.73042E+02	 1.49167E+03
 5.73125E+02	 1.48857E+03
 5.73207E+02	 1.49237E+03
 5.73290E+02	 1.49113E+03
 5.73373E+02	 1.49103E+03
 5.73455E+02	 1.49427E+03
 5.73538E+02	 1.49597E+03
 5.73620E+02	 1.48983E+03
 5.73703E+02	 1.49340E+03
 5.73786E+02	 1.49310E+03
 5.73868E+02	 1.49343E+03
 5.73951E+02	 1.49507E+03
 5.74033E+02	 1.49257E+03
 5.74116E+02	 1.49160E+03
 5.74198E+02	 1.49443E+03
 5.74281E+02	 1.49540E+03
 5.74363E+02	 1.49587E+03
 5.74446E+02	 1.49130E+03
 5.74529E+02	 1.49677E+03
 5.74611E+02	 1.49207E+03
 5.74694E+02	 1.49510E+03
 5.74776E+02	 1.49563E+03
 5.74859E+02	 1.49663E+03
 5.74941E+02	 1.49507E+03
 5.75024E+02	 1.49793E+03
 5.75106E+02	 1.49680E+03
 5.75189E+02	 1.49667E+03
 5.75271E+02	 1.49810E+03
 5.75354E+02	 1.49453E+03
 5.75437E+02	 1.49900E+03
 5.75519E+02	 1.49687E+03
 5.75602E+02	 1.49577E+03
 5.75684E+02	 1.49727E+03
 5.75767E+02	 1.49340E+03
 5.75849E+02	 1.50023E+03
 5.75932E+02	 1.49527E+03
 5.76014E+02	 1.49260E+03
 5.76097E+02	 1.49387E+03
 5.76179E+02	 1.49410E+03
 5.76262E+02	 1.49047E+03
 5.76344E+02	 1.49263E+03
 5.76427E+02	 1.49050E+03
 5.76509E+02	 1.48773E+03
 5.76592E+02	 1.49710E+03
 5.76674E+02	 1.48880E+03
 5.76757E+02	 1.48767E+03
 5.76839E+02	 1.48623E+03
 5.76922E+02	 1.48673E+03
 5.77004E+02	 1.48807E+03
 5.77087E+02	 1.48387E+03
 5.77169E+02	 1.48157E+03
 5.77252E+02	 1.48787E+03
 5.77334E+02	 1.48110E+03
 5.77417E+02	 1.47670E+03
 5.77499E+02	 1.47933E+03
 5.77582E+02	 1.47800E+03
 5.77664E+02	 1.47820E+03
 5.77747E+02	 1.47690E+03
 5.77829E+02	 1.47227E+03
 5.77911E+02	 1.47770E+03
 5.77994E+02	 1.47787E+03
 5.78076E+02	 1.47157E+03
 5.78159E+02	 1.46737E+03
 5.78241E+02	 1.47480E+03
 5.78324E+02	 1.47180E+03
 5.78406E+02	 1.46760E+03
 5.78489E+02	 1.46723E+03
 5.78571E+02	 1.47093E+03
 5.78654E+02	 1.46707E+03
 5.78736E+02	 1.46963E+03
 5.78818E+02	 1.46520E+03
 5.78901E+02	 1.46607E+03
 5.78983E+02	 1.46457E+03
 5.79066E+02	 1.46513E+03
 5.79148E+02	 1.46517E+03
 5.79231E+02	 1.46310E+03
 5.79313E+02	 1.46553E+03
 5.79395E+02	 1.46120E+03
 5.79478E+02	 1.46190E+03
 5.79560E+02	 1.46263E+03
 5.79643E+02	 1.46257E+03
 5.79725E+02	 1.46297E+03
 5.79807E+02	 1.45920E+03
 5.79890E+02	 1.46093E+03
 5.79972E+02	 1.46287E+03
 5.80055E+02	 1.46010E+03
 5.80137E+02	 1.46123E+03
 5.80220E+02	 1.46137E+03
 5.80302E+02	 1.45753E+03
 5.80384E+02	 1.45890E+03
 5.80467E+02	 1.46067E+03
 5.80549E+02	 1.45730E+03
 5.80632E+02	 1.46103E+03
 5.80714E+02	 1.46290E+03
 5.80796E+02	 1.45503E+03
 5.80879E+02	 1.45647E+03
 5.80961E+02	 1.45673E+03
 5.81043E+02	 1.45107E+03
 5.81126E+02	 1.45093E+03
 5.81208E+02	 1.45617E+03
 5.81291E+02	 1.45147E+03
 5.81373E+02	 1.45563E+03
 5.81455E+02	 1.45593E+03
 5.81538E+02	 1.45613E+03
 5.81620E+02	 1.45277E+03
 5.81702E+02	 1.45353E+03
 5.81785E+02	 1.45253E+03
 5.81867E+02	 1.44927E+03
 5.81949E+02	 1.44700E+03
 5.82032E+02	 1.45443E+03
 5.82114E+02	 1.44667E+03
 5.82197E+02	 1.44843E+03
 5.82279E+02	 1.44377E+03
 5.82361E+02	 1.44327E+03
 5.82444E+02	 1.45020E+03
 5.82526E+02	 1.44697E+03
 5.82608E+02	 1.44680E+03
 5.82691E+02	 1.44560E+03
 5.82773E+02	 1.44670E+03
 5.82855E+02	 1.44227E+03
 5.82938E+02	 1.44070E+03
 5.83020E+02	 1.44480E+03
 5.83102E+02	 1.43833E+03
 5.83185E+02	 1.44490E+03
 5.83267E+02	 1.44270E+03
 5.83349E+02	 1.44087E+03
 5.83432E+02	 1.44277E+03
 5.83514E+02	 1.43923E+03
 5.83596E+02	 1.44293E+03
 5.83679E+02	 1.43910E+03
 5.83761E+02	 1.43850E+03
 5.83843E+02	 1.44240E+03
 5.83925E+02	 1.43793E+03
 5.84008E+02	 1.44223E+03
 5.84090E+02	 1.44293E+03
 5.84172E+02	 1.44030E+03
 5.84255E+02	 1.44107E+03
 5.84337E+02	 1.43670E+03
 5.84419E+02	 1.44493E+03
 5.84502E+02	 1.43723E+03
 5.84584E+02	 1.43957E+03
 5.84666E+02	 1.44127E+03
 5.84748E+02	 1.44037E+03
 5.84831E+02	 1.43880E+03
 5.84913E+02	 1.43950E+03
 5.84995E+02	 1.43673E+03
 5.85078E+02	 1.43840E+03
 5.85160E+02	 1.44210E+03
 5.85242E+02	 1.43897E+03
 5.85324E+02	 1.43940E+03
 5.85407E+02	 1.43927E+03
 5.85489E+02	 1.43667E+03
 5.85571E+02	 1.43823E+03
 5.85653E+02	 1.43793E+03
 5.85736E+02	 1.43713E+03
 5.85818E+02	 1.44207E+03
 5.85900E+02	 1.43330E+03
 5.85982E+02	 1.43797E+03
 5.86065E+02	 1.43717E+03
 5.86147E+02	 1.43690E+03
 5.86229E+02	 1.44040E+03
 5.86311E+02	 1.43953E+03
 5.86394E+02	 1.43613E+03
 5.86476E+02	 1.43693E+03
 5.86558E+02	 1.43447E+03
 5.86640E+02	 1.43437E+03
 5.86723E+02	 1.43123E+03
 5.86805E+02	 1.43580E+03
 5.86887E+02	 1.43037E+03
 5.86969E+02	 1.43303E+03
 5.87052E+02	 1.43627E+03
 5.87134E+02	 1.43753E+03
 5.87216E+02	 1.43417E+03
 5.87298E+02	 1.43773E+03
 5.87380E+02	 1.43473E+03
 5.87463E+02	 1.43663E+03
 5.87545E+02	 1.43573E+03
 5.87627E+02	 1.43223E+03
 5.87709E+02	 1.43470E+03
 5.87792E+02	 1.43520E+03
 5.87874E+02	 1.43263E+03
 5.87956E+02	 1.43683E+03
 5.88038E+02	 1.43413E+03
 5.88120E+02	 1.43213E+03
 5.88203E+02	 1.43103E+03
 5.88285E+02	 1.43020E+03
 5.88367E+02	 1.42673E+03
 5.88449E+02	 1.43283E+03
 5.88531E+02	 1.42820E+03
 5.88614E+02	 1.43017E+03
 5.88696E+02	 1.42990E+03
 5.88778E+02	 1.42893E+03
 5.88860E+02	 1.42993E+03
 5.88942E+02	 1.42893E+03
 5.89024E+02	 1.42890E+03
 5.89107E+02	 1.43243E+03
 5.89189E+02	 1.43107E+03
 5.89271E+02	 1.43013E+03
 5.89353E+02	 1.42947E+03
 5.89435E+02	 1.42763E+03
 5.89517E+02	 1.42783E+03
 5.89600E+02	 1.42893E+03
 5.89682E+02	 1.42797E+03
 5.89764E+02	 1.43123E+03
 5.89846E+02	 1.42397E+03
 5.89928E+02	 1.42253E+03
 5.90010E+02	 1.42360E+03
 5.90093E+02	 1.42410E+03
 5.90175E+02	 1.42513E+03
 5.90257E+02	 1.42600E+03
 5.90339E+02	 1.42653E+03
 5.90421E+02	 1.42790E+03
 5.90503E+02	 1.42583E+03
 5.90585E+02	 1.42940E+03
 5.90668E+02	 1.42780E+03
 5.90750E+02	 1.42537E+03
 5.90832E+02	 1.42330E+03
 5.90914E+02	 1.42607E+03
 5.90996E+02	 1.42917E+03
 5.91078E+02	 1.42650E+03
 5.91160E+02	 1.42757E+03
 5.91242E+02	 1.42443E+03
 5.91325E+02	 1.42810E+03
 5.91407E+02	 1.42387E+03
 5.91489E+02	 1.42290E+03
 5.91571E+02	 1.42523E+03
 5.91653E+02	 1.42790E+03
 5.91735E+02	 1.42810E+03
 5.91817E+02	 1.42370E+03
 5.91899E+02	 1.42387E+03
 5.91982E+02	 1.42507E+03
 5.92064E+02	 1.43113E+03
 5.92146E+02	 1.42693E+03
 5.92228E+02	 1.42710E+03
 5.92310E+02	 1.42403E+03
 5.92392E+02	 1.42757E+03
 5.92474E+02	 1.42450E+03
 5.92556E+02	 1.42540E+03
 5.92638E+02	 1.42647E+03
 5.92720E+02	 1.42887E+03
 5.92802E+02	 1.42317E+03
 5.92885E+02	 1.42630E+03
 5.92967E+02	 1.42287E+03
 5.93049E+02	 1.42360E+03
 5.93131E+02	 1.42353E+03
 5.93213E+02	 1.42517E+03
 5.93295E+02	 1.42740E+03
 5.93377E+02	 1.42450E+03
 5.93459E+02	 1.42390E+03
 5.93541E+02	 1.42183E+03
 5.93623E+02	 1.42227E+03
 5.93705E+02	 1.42273E+03
 5.93787E+02	 1.42073E+03
 5.93869E+02	 1.42433E+03
 5.93951E+02	 1.42587E+03
 5.94034E+02	 1.42057E+03
 5.94116E+02	 1.42313E+03
 5.94198E+02	 1.42567E+03
 5.94280E+02	 1.42440E+03
 5.94362E+02	 1.42053E+03
 5.94444E+02	 1.42130E+03
 5.94526E+02	 1.42210E+03
 5.94608E+02	 1.42167E+03
 5.94690E+02	 1.42110E+03
 5.94772E+02	 1.42077E+03
 5.94854E+02	 1.42080E+03
 5.94936E+02	 1.42180E+03
 5.95018E+02	 1.42047E+03
 5.95100E+02	 1.42327E+03
 5.95182E+02	 1.42627E+03
 5.95264E+02	 1.42100E+03
 5.95346E+02	 1.41947E+03
 5.95428E+02	 1.42513E+03
 5.95510E+02	 1.42427E+03
 5.95592E+02	 1.42190E+03
 5.95674E+02	 1.42217E+03
 5.95756E+02	 1.41960E+03
 5.95838E+02	 1.42190E+03
 5.95920E+02	 1.42553E+03
 5.96002E+02	 1.42143E+03
 5.96084E+02	 1.42557E+03
 5.96166E+02	 1.42323E+03
 5.96248E+02	 1.42340E+03
 5.96330E+02	 1.42410E+03
 5.96412E+02	 1.42017E+03
 5.96494E+02	 1.42407E+03
 5.96576E+02	 1.42347E+03
 5.96658E+02	 1.42013E+03
 5.96740E+02	 1.42277E+03
 5.96822E+02	 1.42180E+03
 5.96904E+02	 1.42103E+03
 5.96986E+02	 1.41937E+03
 5.97068E+02	 1.42173E+03
 5.97150E+02	 1.41947E+03
 5.97232E+02	 1.42293E+03
 5.97314E+02	 1.42007E+03
 5.97396E+02	 1.41943E+03
 5.97478E+02	 1.42333E+03
 5.97560E+02	 1.42333E+03
 5.97642E+02	 1.42153E+03
 5.97724E+02	 1.42063E+03
 5.97806E+02	 1.41917E+03
 5.97888E+02	 1.42267E+03
 5.97970E+02	 1.41753E+03
 5.98052E+02	 1.42053E+03
 5.98134E+02	 1.42140E+03
 5.98216E+02	 1.42117E+03
 5.98298E+02	 1.41717E+03
 5.98380E+02	 1.41617E+03
 5.98462E+02	 1.42090E+03
 5.98544E+02	 1.41807E+03
 5.98626E+02	 1.41870E+03
 5.98708E+02	 1.41800E+03
 5.98789E+02	 1.42050E+03
 5.98871E+02	 1.42040E+03
 5.98953E+02	 1.41820E+03
 5.99035E+02	 1.41850E+03
 5.99117E+02	 1.41627E+03
 5.99199E+02	 1.41640E+03
 5.99281E+02	 1.41353E+03
 5.99363E+02	 1.42113E+03
 5.99445E+02	 1.41583E+03
 5.99527E+02	 1.41837E+03
 5.99609E+02	 1.41883E+03
 5.99691E+02	 1.41730E+03
 5.99773E+02	 1.42023E+03
 5.99855E+02	 1.41387E+03
 5.99937E+02	 1.41957E+03
 6.00018E+02	 1.41743E+03
 6.00100E+02	 1.42057E+03
 6.00182E+02	 1.41753E+03
 6.00264E+02	 1.41477E+03
 6.00346E+02	 1.41567E+03
 6.00428E+02	 1.41833E+03
 6.00510E+02	 1.41560E+03
 6.00592E+02	 1.41760E+03
 6.00674E+02	 1.41697E+03
 6.00756E+02	 1.42010E+03
 6.00837E+02	 1.41727E+03
 6.00919E+02	 1.41693E+03
 6.01001E+02	 1.41920E+03
 6.01083E+02	 1.41597E+03
 6.01165E+02	 1.41687E+03
 6.01247E+02	 1.41653E+03
 6.01329E+02	 1.41883E+03
 6.01411E+02	 1.42000E+03
 6.01493E+02	 1.41850E+03
 6.01574E+02	 1.41887E+03
 6.01656E+02	 1.41723E+03
 6.01738E+02	 1.41643E+03
 6.01820E+02	 1.41930E+03
 6.01902E+02	 1.41570E+03
 6.01984E+02	 1.41707E+03
 6.02066E+02	 1.41897E+03
 6.02148E+02	 1.41717E+03
 6.02229E+02	 1.41933E+03
 6.02311E+02	 1.41703E+03
 6.02393E+02	 1.41710E+03
 6.02475E+02	 1.41543E+03
 6.02557E+02	 1.41820E+03
 6.02639E+02	 1.41527E+03
 6.02721E+02	 1.41773E+03
 6.02802E+02	 1.41620E+03
 6.02884E+02	 1.41523E+03
 6.02966E+02	 1.41570E+03
 6.03048E+02	 1.41600E+03
 6.03130E+02	 1.41510E+03
 6.03212E+02	 1.41473E+03
 6.03294E+02	 1.41527E+03
 6.03375E+02	 1.41570E+03
 6.03457E+02	 1.41920E+03
 6.03539E+02	 1.41727E+03
 6.03621E+02	 1.41460E+03
 6.03703E+02	 1.41687E+03
 6.03785E+02	 1.41883E+03
 6.03866E+02	 1.41603E+03
 6.03948E+02	 1.41767E+03
 6.04030E+02	 1.41677E+03
 6.04112E+02	 1.41293E+03
 6.04194E+02	 1.41420E+03
 6.04276E+02	 1.41800E+03
 6.04357E+02	 1.41840E+03
 6.04439E+02	 1.41463E+03
 6.04521E+02	 1.41623E+03
 6.04603E+02	 1.41447E+03
 6.04685E+02	 1.41483E+03
 6.04766E+02	 1.41467E+03
 6.04848E+02	 1.41490E+03
 6.04930E+02	 1.41757E+03
 6.05012E+02	 1.41690E+03
 6.05094E+02	 1.41867E+03
 6.05175E+02	 1.41720E+03
 6.05257E+02	 1.41707E+03
 6.05339E+02	 1.41350E+03
 6.05421E+02	 1.41730E+03
 6.05503E+02	 1.41540E+03
 6.05584E+02	 1.41443E+03
 6.05666E+02	 1.41803E+03
 6.05748E+02	 1.41177E+03
 6.05830E+02	 1.41583E+03
 6.05912E+02	 1.41427E+03
 6.05993E+02	 1.41573E+03
 6.06075E+02	 1.41643E+03
 6.06157E+02	 1.41367E+03
 6.06239E+02	 1.41487E+03
 6.06320E+02	 1.41320E+03
 6.06402E+02	 1.41460E+03
 6.06484E+02	 1.41623E+03
 6.06566E+02	 1.41520E+03
 6.06648E+02	 1.41170E+03
 6.06729E+02	 1.41443E+03
 6.06811E+02	 1.41560E+03
 6.06893E+02	 1.41447E+03
 6.06975E+02	 1.41767E+03
 6.07056E+02	 1.41433E+03
 6.07138E+02	 1.41533E+03
 6.07220E+02	 1.41537E+03
 6.07302E+02	 1.41523E+03
 6.07383E+02	 1.41383E+03
 6.07465E+02	 1.41297E+03
 6.07547E+02	 1.41583E+03
 6.07629E+02	 1.41517E+03
 6.07710E+02	 1.41920E+03
 6.07792E+02	 1.41507E+03
 6.07874E+02	 1.41567E+03
 6.07956E+02	 1.41527E+03
 6.08037E+02	 1.41310E+03
 6.08119E+02	 1.41537E+03
 6.08201E+02	 1.41593E+03
 6.08282E+02	 1.41380E+03
 6.08364E+02	 1.41273E+03
 6.08446E+02	 1.41843E+03
 6.08528E+02	 1.41337E+03
 6.08609E+02	 1.41347E+03
 6.08691E+02	 1.41260E+03
 6.08773E+02	 1.41357E+03
 6.08855E+02	 1.41507E+03
 6.08936E+02	 1.41317E+03
 6.09018E+02	 1.41027E+03
 6.09100E+02	 1.41260E+03
 6.09181E+02	 1.41267E+03
 6.09263E+02	 1.41383E+03
 6.09345E+02	 1.41383E+03
 6.09427E+02	 1.41277E+03
 6.09508E+02	 1.41107E+03
 6.09590E+02	 1.41043E+03
 6.09672E+02	 1.41130E+03
 6.09753E+02	 1.41247E+03
 6.09835E+02	 1.41390E+03
 6.09917E+02	 1.42143E+03
 6.09998E+02	 1.41540E+03
 6.10080E+02	 1.41347E+03
 6.10162E+02	 1.41310E+03
 6.10244E+02	 1.41160E+03
 6.10325E+02	 1.41480E+03
 6.10407E+02	 1.41320E+03
 6.10489E+02	 1.41113E+03
 6.10570E+02	 1.41123E+03
 6.10652E+02	 1.41180E+03
 6.10734E+02	 1.41377E+03
 6.10815E+02	 1.41167E+03
 6.10897E+02	 1.41177E+03
 6.10979E+02	 1.41140E+03
 6.11060E+02	 1.41240E+03
 6.11142E+02	 1.41377E+03
 6.11224E+02	 1.41133E+03
 6.11305E+02	 1.41283E+03
 6.11387E+02	 1.41140E+03
 6.11469E+02	 1.40837E+03
 6.11550E+02	 1.41323E+03
 6.11632E+02	 1.41150E+03
 6.11714E+02	 1.41420E+03
 6.11795E+02	 1.41080E+03
 6.11877E+02	 1.41243E+03
 6.11959E+02	 1.41070E+03
 6.12040E+02	 1.40877E+03
 6.12122E+02	 1.41103E+03
 6.12204E+02	 1.41283E+03
 6.12285E+02	 1.41260E+03
 6.12367E+02	 1.41170E+03
 6.12449E+02	 1.41157E+03
 6.12530E+02	 1.41023E+03
 6.12612E+02	 1.41560E+03
 6.12693E+02	 1.41020E+03
 6.12775E+02	 1.41287E+03
 6.12857E+02	 1.41027E+03
 6.12938E+02	 1.41320E+03
 6.13020E+02	 1.41157E+03
 6.13102E+02	 1.41223E+03
 6.13183E+02	 1.41157E+03
 6.13265E+02	 1.41040E+03
 6.13346E+02	 1.41327E+03
 6.13428E+02	 1.41047E+03
 6.13510E+02	 1.41343E+03
 6.13591E+02	 1.41177E+03
 6.13673E+02	 1.41550E+03
 6.13755E+02	 1.41170E+03
 6.13836E+02	 1.41080E+03
 6.13918E+02	 1.41480E+03
 6.13999E+02	 1.41173E+03
 6.14081E+02	 1.41843E+03
 6.14163E+02	 1.41197E+03
 6.14244E+02	 1.41417E+03
 6.14326E+02	 1.41413E+03
 6.14407E+02	 1.41490E+03
 6.14489E+02	 1.40853E+03
 6.14571E+02	 1.41160E+03
 6.14652E+02	 1.41660E+03
 6.14734E+02	 1.41657E+03
 6.14815E+02	 1.41203E+03
 6.14897E+02	 1.41343E+03
 6.14979E+02	 1.41430E+03
 6.15060E+02	 1.41053E+03
 6.15142E+02	 1.41590E+03
 6.15223E+02	 1.41100E+03
 6.15305E+02	 1.41100E+03
 6.15387E+02	 1.41300E+03
 6.15468E+02	 1.41460E+03
 6.15550E+02	 1.41037E+03
 6.15631E+02	 1.41263E+03
 6.15713E+02	 1.41510E+03
 6.15794E+02	 1.41157E+03
 6.15876E+02	 1.41417E+03
 6.15958E+02	 1.41640E+03
 6.16039E+02	 1.41390E+03
 6.16121E+02	 1.41283E+03
 6.16202E+02	 1.41087E+03
 6.16284E+02	 1.41120E+03
 6.16365E+02	 1.41190E+03
 6.16447E+02	 1.40973E+03
 6.16529E+02	 1.41097E+03
 6.16610E+02	 1.41163E+03
 6.16692E+02	 1.41483E+03
 6.16773E+02	 1.41280E+03
 6.16855E+02	 1.41430E+03
 6.16936E+02	 1.40867E+03
 6.17018E+02	 1.41207E+03
 6.17099E+02	 1.41100E+03
 6.17181E+02	 1.41357E+03
 6.17262E+02	 1.41047E+03
 6.17344E+02	 1.41087E+03
 6.17426E+02	 1.41150E+03
 6.17507E+02	 1.41013E+03
 6.17589E+02	 1.41530E+03
 6.17670E+02	 1.41050E+03
 6.17752E+02	 1.41160E+03
 6.17833E+02	 1.40850E+03
 6.17915E+02	 1.40953E+03
 6.17996E+02	 1.41153E+03
 6.18078E+02	 1.41063E+03
 6.18159E+02	 1.41093E+03
 6.18241E+02	 1.41077E+03
 6.18322E+02	 1.40870E+03
 6.18404E+02	 1.40803E+03
 6.18485E+02	 1.41130E+03
 6.18567E+02	 1.40943E+03
 6.18648E+02	 1.40967E+03
 6.18730E+02	 1.41097E+03
 6.18812E+02	 1.41207E+03
 6.18893E+02	 1.41307E+03
 6.18975E+02	 1.41350E+03
 6.19056E+02	 1.41103E+03
 6.19138E+02	 1.41317E+03
 6.19219E+02	 1.41153E+03
 6.19301E+02	 1.41210E+03
 6.19382E+02	 1.41337E+03
 6.19464E+02	 1.41080E+03
 6.19545E+02	 1.41267E+03
 6.19627E+02	 1.40953E+03
 6.19708E+02	 1.41187E+03
 6.19790E+02	 1.40910E+03
 6.19871E+02	 1.41137E+03
 6.19953E+02	 1.40683E+03
 6.20034E+02	 1.41450E+03
 6.20116E+02	 1.40993E+03
 6.20197E+02	 1.41567E+03
 6.20278E+02	 1.41073E+03
 6.20360E+02	 1.40983E+03
 6.20441E+02	 1.41440E+03
 6.20523E+02	 1.41127E+03
 6.20604E+02	 1.41283E+03
 6.20686E+02	 1.41127E+03
 6.20767E+02	 1.41050E+03
 6.20849E+02	 1.41037E+03
 6.20930E+02	 1.41070E+03
 6.21012E+02	 1.41120E+03
 6.21093E+02	 1.41427E+03
 6.21175E+02	 1.41330E+03
 6.21256E+02	 1.41100E+03
 6.21338E+02	 1.41397E+03
 6.21419E+02	 1.41163E+03
 6.21501E+02	 1.41200E+03
 6.21582E+02	 1.41297E+03
 6.21663E+02	 1.41127E+03
 6.21745E+02	 1.41293E+03
 6.21826E+02	 1.41040E+03
 6.21908E+02	 1.41200E+03
 6.21989E+02	 1.41113E+03
 6.22071E+02	 1.41120E+03
 6.22152E+02	 1.41363E+03
 6.22234E+02	 1.41353E+03
 6.22315E+02	 1.41150E+03
 6.22397E+02	 1.40983E+03
 6.22478E+02	 1.40907E+03
 6.22559E+02	 1.41077E+03
 6.22641E+02	 1.40983E+03
 6.22722E+02	 1.41057E+03
 6.22804E+02	 1.41210E+03
 6.22885E+02	 1.41107E+03
 6.22967E+02	 1.41410E+03
 6.23048E+02	 1.41367E+03
 6.23129E+02	 1.40987E+03
 6.23211E+02	 1.41037E+03
 6.23292E+02	 1.41340E+03
 6.23374E+02	 1.41083E+03
 6.23455E+02	 1.41163E+03
 6.23537E+02	 1.41230E+03
 6.23618E+02	 1.41103E+03
 6.23699E+02	 1.40947E+03
 6.23781E+02	 1.41237E+03
 6.23862E+02	 1.41240E+03
 6.23944E+02	 1.41077E+03
 6.24025E+02	 1.41413E+03
 6.24106E+02	 1.41307E+03
 6.24188E+02	 1.40933E+03
 6.24269E+02	 1.41070E+03
 6.24351E+02	 1.40750E+03
 6.24432E+02	 1.41040E+03
 6.24514E+02	 1.41067E+03
 6.24595E+02	 1.41077E+03
 6.24676E+02	 1.40957E+03
 6.24758E+02	 1.41073E+03
 6.24839E+02	 1.41307E+03
 6.24921E+02	 1.40947E+03
 6.25002E+02	 1.41033E+03
 6.25083E+02	 1.40903E+03
 6.25165E+02	 1.40983E+03
 6.25246E+02	 1.41100E+03
 6.25327E+02	 1.41050E+03
 6.25409E+02	 1.41077E+03
 6.25490E+02	 1.41313E+03
 6.25572E+02	 1.41143E+03
 6.25653E+02	 1.40853E+03
 6.25734E+02	 1.40877E+03
 6.25816E+02	 1.41220E+03
 6.25897E+02	 1.41040E+03
 6.25979E+02	 1.41137E+03
 6.26060E+02	 1.40707E+03
 6.26141E+02	 1.41060E+03
 6.26223E+02	 1.41280E+03
 6.26304E+02	 1.40757E+03
 6.26385E+02	 1.41177E+03
 6.26467E+02	 1.40980E+03
 6.26548E+02	 1.40867E+03
 6.26629E+02	 1.40677E+03
 6.26711E+02	 1.40740E+03
 6.26792E+02	 1.41080E+03
 6.26874E+02	 1.41020E+03
 6.26955E+02	 1.41233E+03
 6.27036E+02	 1.41153E+03
 6.27118E+02	 1.41010E+03
 6.27199E+02	 1.40700E+03
 6.27280E+02	 1.40890E+03
 6.27362E+02	 1.41017E+03
 6.27443E+02	 1.41230E+03
 6.27524E+02	 1.40907E+03
 6.27606E+02	 1.41087E+03
 6.27687E+02	 1.41010E+03
 6.27768E+02	 1.40843E+03
 6.27850E+02	 1.40760E+03
 6.27931E+02	 1.41007E+03
 6.28012E+02	 1.41120E+03
 6.28094E+02	 1.40890E+03
 6.28175E+02	 1.41157E+03
 6.28256E+02	 1.40907E+03
 6.28338E+02	 1.40890E+03
 6.28419E+02	 1.40853E+03
 6.28500E+02	 1.40943E+03
 6.28582E+02	 1.40933E+03
 6.28663E+02	 1.40827E+03
 6.28744E+02	 1.40473E+03
 6.28826E+02	 1.41000E+03
 6.28907E+02	 1.40923E+03
 6.28988E+02	 1.40663E+03
 6.29070E+02	 1.41000E+03
 6.29151E+02	 1.40827E+03
 6.29232E+02	 1.41000E+03
 6.29314E+02	 1.40717E+03
 6.29395E+02	 1.40937E+03
 6.29476E+02	 1.40840E+03
 6.29558E+02	 1.40867E+03
 6.29639E+02	 1.41027E+03
 6.29720E+02	 1.41050E+03
 6.29801E+02	 1.40770E+03
 6.29883E+02	 1.41027E+03
 6.29964E+02	 1.40767E+03
 6.30045E+02	 1.40823E+03
 6.30127E+02	 1.40953E+03
 6.30208E+02	 1.40680E+03
 6.30289E+02	 1.41043E+03
 6.30371E+02	 1.40813E+03
 6.30452E+02	 1.40943E+03
 6.30533E+02	 1.41020E+03
 6.30614E+02	 1.40963E+03
 6.30696E+02	 1.40727E+03
 6.30777E+02	 1.40973E+03
 6.30858E+02	 1.40613E+03
 6.30940E+02	 1.40830E+03
 6.31021E+02	 1.41120E+03
 6.31102E+02	 1.40563E+03
 6.31183E+02	 1.40813E+03
 6.31265E+02	 1.41350E+03
 6.31346E+02	 1.40927E+03
 6.31427E+02	 1.40787E+03
 6.31509E+02	 1.40600E+03
 6.31590E+02	 1.40657E+03
 6.31671E+02	 1.40843E+03
 6.31752E+02	 1.40740E+03
 6.31834E+02	 1.40850E+03
 6.31915E+02	 1.40543E+03
 6.31996E+02	 1.40547E+03
 6.32077E+02	 1.41180E+03
 6.32159E+02	 1.40300E+03
 6.32240E+02	 1.40637E+03
 6.32321E+02	 1.40450E+03
 6.32402E+02	 1.40647E+03
 6.32484E+02	 1.40493E+03
 6.32565E+02	 1.40800E+03
 6.32646E+02	 1.40787E+03
 6.32727E+02	 1.40823E+03
 6.32809E+02	 1.40860E+03
 6.32890E+02	 1.40523E+03
 6.32971E+02	 1.40623E+03
 6.33052E+02	 1.40673E+03
 6.33134E+02	 1.40567E+03
 6.33215E+02	 1.40493E+03
 6.33296E+02	 1.40640E+03
 6.33377E+02	 1.40237E+03
 6.33459E+02	 1.40457E+03
 6.33540E+02	 1.40820E+03
 6.33621E+02	 1.40467E+03
 6.33702E+02	 1.40707E+03
 6.33784E+02	 1.40533E+03
 6.33865E+02	 1.40683E+03
 6.33946E+02	 1.40497E+03
 6.34027E+02	 1.40540E+03
 6.34109E+02	 1.40673E+03
 6.34190E+02	 1.40420E+03
 6.34271E+02	 1.40777E+03
 6.34352E+02	 1.40757E+03
 6.34433E+02	 1.40360E+03
 6.34515E+02	 1.40450E+03
 6.34596E+02	 1.40617E+03
 6.34677E+02	 1.40277E+03
 6.34758E+02	 1.40633E+03
 6.34840E+02	 1.40610E+03
 6.34921E+02	 1.40293E+03
 6.35002E+02	 1.40607E+03
 6.35083E+02	 1.40617E+03
 6.35164E+02	 1.40290E+03
 6.35246E+02	 1.40617E+03
 6.35327E+02	 1.40580E+03
 6.35408E+02	 1.40597E+03
 6.35489E+02	 1.40503E+03
 6.35570E+02	 1.40487E+03
 6.35652E+02	 1.40513E+03
 6.35733E+02	 1.40703E+03
 6.35814E+02	 1.40487E+03
 6.35895E+02	 1.40453E+03
 6.35976E+02	 1.40627E+03
 6.36058E+02	 1.40617E+03
 6.36139E+02	 1.40590E+03
 6.36220E+02	 1.40900E+03
 6.36301E+02	 1.40620E+03
 6.36382E+02	 1.40613E+03
 6.36464E+02	 1.40327E+03
 6.36545E+02	 1.40313E+03
 6.36626E+02	 1.40297E+03
 6.36707E+02	 1.40347E+03
 6.36788E+02	 1.40163E+03
 6.36870E+02	 1.40473E+03
 6.36951E+02	 1.40347E+03
 6.37032E+02	 1.40627E+03
 6.37113E+02	 1.40197E+03
 6.37194E+02	 1.40243E+03
 6.37275E+02	 1.40813E+03
 6.37357E+02	 1.40610E+03
 6.37438E+02	 1.40087E+03
 6.37519E+02	 1.40673E+03
 6.37600E+02	 1.40320E+03
 6.37681E+02	 1.40107E+03
 6.37762E+02	 1.40117E+03
 6.37844E+02	 1.40503E+03
 6.37925E+02	 1.40430E+03
 6.38006E+02	 1.40207E+03
 6.38087E+02	 1.40363E+03
 6.38168E+02	 1.40710E+03
 6.38249E+02	 1.40423E+03
 6.38331E+02	 1.39907E+03
 6.38412E+02	 1.40393E+03
 6.38493E+02	 1.40403E+03
 6.38574E+02	 1.40360E+03
 6.38655E+02	 1.40003E+03
 6.38736E+02	 1.40237E+03
 6.38818E+02	 1.40090E+03
 6.38899E+02	 1.40493E+03
 6.38980E+02	 1.40297E+03
 6.39061E+02	 1.40220E+03
 6.39142E+02	 1.40437E+03
 6.39223E+02	 1.40333E+03
 6.39304E+02	 1.40303E+03
 6.39386E+02	 1.40293E+03
 6.39467E+02	 1.40300E+03
 6.39548E+02	 1.40390E+03
 6.39629E+02	 1.40137E+03
 6.39710E+02	 1.40207E+03
 6.39791E+02	 1.40447E+03
 6.39872E+02	 1.40163E+03
 6.39953E+02	 1.40200E+03
 6.40035E+02	 1.40110E+03
 6.40116E+02	 1.39987E+03
 6.40197E+02	 1.40020E+03
 6.40278E+02	 1.39977E+03
 6.40359E+02	 1.40180E+03
 6.40440E+02	 1.40210E+03
 6.40521E+02	 1.39957E+03
 6.40602E+02	 1.40140E+03
 6.40684E+02	 1.40087E+03
 6.40765E+02	 1.40290E+03
 6.40846E+02	 1.40247E+03
 6.40927E+02	 1.40257E+03
 6.41008E+02	 1.40220E+03
 6.41089E+02	 1.40193E+03
 6.41170E+02	 1.40003E+03
 6.41251E+02	 1.40333E+03
 6.41333E+02	 1.40203E+03
 6.41414E+02	 1.40127E+03
 6.41495E+02	 1.40250E+03
 6.41576E+02	 1.40180E+03
 6.41657E+02	 1.40137E+03
 6.41738E+02	 1.40363E+03
 6.41819E+02	 1.40323E+03
 6.41900E+02	 1.39963E+03
 6.41981E+02	 1.40417E+03
 6.42062E+02	 1.40273E+03
 6.42144E+02	 1.40083E+03
 6.42225E+02	 1.40093E+03
 6.42306E+02	 1.40190E+03
 6.42387E+02	 1.39993E+03
 6.42468E+02	 1.40260E+03
 6.42549E+02	 1.40080E+03
 6.42630E+02	 1.40080E+03
 6.42711E+02	 1.40357E+03
 6.42792E+02	 1.40287E+03
 6.42873E+02	 1.40213E+03
 6.42954E+02	 1.39763E+03
 6.43036E+02	 1.40163E+03
 6.43117E+02	 1.39970E+03
 6.43198E+02	 1.40070E+03
 6.43279E+02	 1.40347E+03
 6.43360E+02	 1.40170E+03
 6.43441E+02	 1.40103E+03
 6.43522E+02	 1.40030E+03
 6.43603E+02	 1.39823E+03
 6.43684E+02	 1.40127E+03
 6.43765E+02	 1.40153E+03
 6.43846E+02	 1.39863E+03
 6.43927E+02	 1.40050E+03
 6.44008E+02	 1.40253E+03
 6.44089E+02	 1.40080E+03
 6.44171E+02	 1.39933E+03
 6.44252E+02	 1.40083E+03
 6.44333E+02	 1.40113E+03
 6.44414E+02	 1.40093E+03
 6.44495E+02	 1.40050E+03
 6.44576E+02	 1.40037E+03
 6.44657E+02	 1.39843E+03
 6.44738E+02	 1.40533E+03
 6.44819E+02	 1.39647E+03
 6.44900E+02	 1.40023E+03
 6.44981E+02	 1.39947E+03
 6.45062E+02	 1.39910E+03
 6.45143E+02	 1.40047E+03
 6.45224E+02	 1.40087E+03
 6.45305E+02	 1.40000E+03
 6.45386E+02	 1.39970E+03
 6.45467E+02	 1.39790E+03
 6.45548E+02	 1.39580E+03
 6.45629E+02	 1.39793E+03
 6.45711E+02	 1.39790E+03
 6.45792E+02	 1.40393E+03
 6.45873E+02	 1.40293E+03
 6.45954E+02	 1.39783E+03
 6.46035E+02	 1.39930E+03
 6.46116E+02	 1.39780E+03
 6.46197E+02	 1.39897E+03
 6.46278E+02	 1.39783E+03
 6.46359E+02	 1.40300E+03
 6.46440E+02	 1.40120E+03
 6.46521E+02	 1.40107E+03
 6.46602E+02	 1.39807E+03
 6.46683E+02	 1.39967E+03
 6.46764E+02	 1.39890E+03
 6.46845E+02	 1.40157E+03
 6.46926E+02	 1.39900E+03
 6.47007E+02	 1.40137E+03
 6.47088E+02	 1.40157E+03
 6.47169E+02	 1.39880E+03
 6.47250E+02	 1.39937E+03
 6.47331E+02	 1.39800E+03
 6.47412E+02	 1.40180E+03
 6.47493E+02	 1.39900E+03
 6.47574E+02	 1.39917E+03
 6.47655E+02	 1.39963E+03
 6.47736E+02	 1.39927E+03
 6.47817E+02	 1.39663E+03
 6.47898E+02	 1.39783E+03
 6.47979E+02	 1.39947E+03
 6.48060E+02	 1.40163E+03
 6.48141E+02	 1.39897E+03
 6.48222E+02	 1.40043E+03
 6.48303E+02	 1.39987E+03
 6.48384E+02	 1.39983E+03
 6.48465E+02	 1.39840E+03
 6.48546E+02	 1.39963E+03
 6.48627E+02	 1.39843E+03
 6.48708E+02	 1.40013E+03
 6.48789E+02	 1.39990E+03
 6.48870E+02	 1.39750E+03
 6.48951E+02	 1.39953E+03
 6.49032E+02	 1.39887E+03
 6.49113E+02	 1.39747E+03
 6.49194E+02	 1.40230E+03
 6.49275E+02	 1.39673E+03
 6.49356E+02	 1.39860E+03
 6.49437E+02	 1.39857E+03
 6.49518E+02	 1.40113E+03
 6.49599E+02	 1.39833E+03
 6.49680E+02	 1.39983E+03
 6.49761E+02	 1.40090E+03
 6.49842E+02	 1.39900E+03
 6.49923E+02	 1.39710E+03
 6.50004E+02	 1.39887E+03
 6.50085E+02	 1.39987E+03
 6.50166E+02	 1.40197E+03
 6.50247E+02	 1.39797E+03
 6.50328E+02	 1.39860E+03
 6.50409E+02	 1.40137E+03
 6.50490E+02	 1.39953E+03
 6.50571E+02	 1.39897E+03
 6.50652E+02	 1.39753E+03
 6.50733E+02	 1.39820E+03
 6.50814E+02	 1.39933E+03
 6.50895E+02	 1.39780E+03
 6.50976E+02	 1.40087E+03
 6.51057E+02	 1.39997E+03
 6.51137E+02	 1.39853E+03
 6.51218E+02	 1.39787E+03
 6.51299E+02	 1.40033E+03
 6.51380E+02	 1.39703E+03
 6.51461E+02	 1.39587E+03
 6.51542E+02	 1.39703E+03
 6.51623E+02	 1.40010E+03
 6.51704E+02	 1.39640E+03
 6.51785E+02	 1.39753E+03
 6.51866E+02	 1.39903E+03
 6.51947E+02	 1.39933E+03
 6.52028E+02	 1.39720E+03
 6.52109E+02	 1.40130E+03
 6.52190E+02	 1.39790E+03
 6.52271E+02	 1.39530E+03
 6.52352E+02	 1.39797E+03
 6.52433E+02	 1.39527E+03
 6.52514E+02	 1.39770E+03
 6.52595E+02	 1.39773E+03
 6.52676E+02	 1.39803E+03
 6.52756E+02	 1.39670E+03
 6.52837E+02	 1.39583E+03
 6.52918E+02	 1.39687E+03
 6.52999E+02	 1.39707E+03
 6.53080E+02	 1.39883E+03
 6.53161E+02	 1.39677E+03
 6.53242E+02	 1.40097E+03
 6.53323E+02	 1.39790E+03
 6.53404E+02	 1.39577E+03
 6.53485E+02	 1.39690E+03
 6.53566E+02	 1.39730E+03
 6.53647E+02	 1.40073E+03
 6.53728E+02	 1.39893E+03
 6.53809E+02	 1.39893E+03
 6.53889E+02	 1.39667E+03
 6.53970E+02	 1.39750E+03
 6.54051E+02	 1.39817E+03
 6.54132E+02	 1.39857E+03
 6.54213E+02	 1.39960E+03
 6.54294E+02	 1.39820E+03
 6.54375E+02	 1.39730E+03
 6.54456E+02	 1.39740E+03
 6.54537E+02	 1.39837E+03
 6.54618E+02	 1.40023E+03
 6.54699E+02	 1.39813E+03
 6.54780E+02	 1.40050E+03
 6.54860E+02	 1.39653E+03
 6.54941E+02	 1.39930E+03
 6.55022E+02	 1.39690E+03
 6.55103E+02	 1.39593E+03
 6.55184E+02	 1.39997E+03
 6.55265E+02	 1.39727E+03
 6.55346E+02	 1.39747E+03
 6.55427E+02	 1.39720E+03
 6.55508E+02	 1.39987E+03
 6.55589E+02	 1.39780E+03
 6.55669E+02	 1.39523E+03
 6.55750E+02	 1.40037E+03
 6.55831E+02	 1.39577E+03
 6.55912E+02	 1.39837E+03
 6.55993E+02	 1.39673E+03
 6.56074E+02	 1.39820E+03
 6.56155E+02	 1.39560E+03
 6.56236E+02	 1.39710E+03
 6.56317E+02	 1.39600E+03
 6.56397E+02	 1.39733E+03
 6.56478E+02	 1.39420E+03
 6.56559E+02	 1.39313E+03
 6.56640E+02	 1.39683E+03
 6.56721E+02	 1.39710E+03
 6.56802E+02	 1.39907E+03
 6.56883E+02	 1.39807E+03
 6.56964E+02	 1.39617E+03
 6.57045E+02	 1.39933E+03
 6.57125E+02	 1.39617E+03
 6.57206E+02	 1.39880E+03
 6.57287E+02	 1.39917E+03
 6.57368E+02	 1.39543E+03
 6.57449E+02	 1.39673E+03
 6.57530E+02	 1.39780E+03
 6.57611E+02	 1.40080E+03
 6.57691E+02	 1.39600E+03
 6.57772E+02	 1.39700E+03
 6.57853E+02	 1.39927E+03
 6.57934E+02	 1.39650E+03
 6.58015E+02	 1.39550E+03
 6.58096E+02	 1.39600E+03
 6.58177E+02	 1.39370E+03
 6.58258E+02	 1.40020E+03
 6.58338E+02	 1.39760E+03
 6.58419E+02	 1.39793E+03
 6.58500E+02	 1.39800E+03
 6.58581E+02	 1.39830E+03
 6.58662E+02	 1.39627E+03
 6.58743E+02	 1.40110E+03
 6.58824E+02	 1.39970E+03
 6.58904E+02	 1.39657E+03
 6.58985E+02	 1.39643E+03
 6.59066E+02	 1.39773E+03
 6.59147E+02	 1.39323E+03
 6.59228E+02	 1.39587E+03
 6.59309E+02	 1.39663E+03
 6.59390E+02	 1.39710E+03
 6.59470E+02	 1.39850E+03
 6.59551E+02	 1.39617E+03
 6.59632E+02	 1.39427E+03
 6.59713E+02	 1.39313E+03
 6.59794E+02	 1.39547E+03
 6.59875E+02	 1.39693E+03
 6.59955E+02	 1.39967E+03
 6.60036E+02	 1.39530E+03
 6.60117E+02	 1.39593E+03
 6.60198E+02	 1.39457E+03
 6.60279E+02	 1.39813E+03
 6.60360E+02	 1.39693E+03
 6.60440E+02	 1.39480E+03
 6.60521E+02	 1.39627E+03
 6.60602E+02	 1.39650E+03
 6.60683E+02	 1.39387E+03
 6.60764E+02	 1.39433E+03
 6.60845E+02	 1.39713E+03
 6.60925E+02	 1.39573E+03
 6.61006E+02	 1.39953E+03
 6.61087E+02	 1.39717E+03
 6.61168E+02	 1.39640E+03
 6.61249E+02	 1.39190E+03
 6.61330E+02	 1.39393E+03
 6.61410E+02	 1.39433E+03
 6.61491E+02	 1.39677E+03
 6.61572E+02	 1.39523E+03
 6.61653E+02	 1.39647E+03
 6.61734E+02	 1.39620E+03
 6.61814E+02	 1.39777E+03
 6.61895E+02	 1.39540E+03
 6.61976E+02	 1.39550E+03
 6.62057E+02	 1.39537E+03
 6.62138E+02	 1.39427E+03
 6.62219E+02	 1.39727E+03
 6.62299E+02	 1.39617E+03
 6.62380E+02	 1.39553E+03
 6.62461E+02	 1.39780E+03
 6.62542E+02	 1.39520E+03
 6.62623E+02	 1.39530E+03
 6.62703E+02	 1.39613E+03
 6.62784E+02	 1.39750E+03
 6.62865E+02	 1.39453E+03
 6.62946E+02	 1.39547E+03
 6.63027E+02	 1.39643E+03
 6.63107E+02	 1.39673E+03
 6.63188E+02	 1.39437E+03
 6.63269E+02	 1.39567E+03
 6.63350E+02	 1.39783E+03
 6.63431E+02	 1.39407E+03
 6.63511E+02	 1.39403E+03
 6.63592E+02	 1.39780E+03
 6.63673E+02	 1.39303E+03
 6.63754E+02	 1.39607E+03
 6.63835E+02	 1.39817E+03
 6.63915E+02	 1.39507E+03
 6.63996E+02	 1.39843E+03
 6.64077E+02	 1.39753E+03
 6.64158E+02	 1.39817E+03
 6.64238E+02	 1.39683E+03
 6.64319E+02	 1.39377E+03
 6.64400E+02	 1.39677E+03
 6.64481E+02	 1.39777E+03
 6.64562E+02	 1.39993E+03
 6.64642E+02	 1.39743E+03
 6.64723E+02	 1.39560E+03
 6.64804E+02	 1.39653E+03
 6.64885E+02	 1.40167E+03
 6.64965E+02	 1.39800E+03
 6.65046E+02	 1.39517E+03
 6.65127E+02	 1.39567E+03
 6.65208E+02	 1.39700E+03
 6.65289E+02	 1.39580E+03
 6.65369E+02	 1.39730E+03
 6.65450E+02	 1.39513E+03
 6.65531E+02	 1.39823E+03
 6.65612E+02	 1.39167E+03
 6.65692E+02	 1.39530E+03
 6.65773E+02	 1.39420E+03
 6.65854E+02	 1.39787E+03
 6.65935E+02	 1.39440E+03
 6.66016E+02	 1.39333E+03
 6.66096E+02	 1.39560E+03
 6.66177E+02	 1.39617E+03
 6.66258E+02	 1.39623E+03
 6.66339E+02	 1.39567E+03
 6.66419E+02	 1.39353E+03
 6.66500E+02	 1.39960E+03
 6.66581E+02	 1.39660E+03
 6.66662E+02	 1.39740E+03
 6.66742E+02	 1.39503E+03
 6.66823E+02	 1.39723E+03
 6.66904E+02	 1.39583E+03
 6.66985E+02	 1.39910E+03
 6.67065E+02	 1.39520E+03
 6.67146E+02	 1.39620E+03
 6.67227E+02	 1.39527E+03
 6.67308E+02	 1.39590E+03
 6.67388E+02	 1.39373E+03
 6.67469E+02	 1.39423E+03
 6.67550E+02	 1.39653E+03
 6.67631E+02	 1.39387E+03
