0,0.899382
5,1.23988
10,0.937616
15,1.249
20,0.92463
25,1.17857
30,0.950298
35,1.21299
40,1.3223
45,1.05113
50,1.26142
55,1.05908
60,1.19384
65,1.23064
70,1.08902
75,1.25499
80,1.18011
85,1.13729
90,1.15434
95,1.27479
100,1.17771
105,1.21015
110,1.26615
115,1.26131
120,1.27525
125,1.36986
130,1.29644
135,1.30183
140,1.28459
145,1.32562
150,1.35995
155,1.36014
160,1.37297
165,1.27155
170,1.40584
175,1.3147
180,1.37564
185,1.45759
190,1.4745
195,1.41192
200,1.4638
205,1.35198
210,1.44459
215,1.36188
220,1.52778
225,1.41081
230,1.50483
235,1.56273
240,1.52405
245,1.51305
250,1.54062
255,1.49855
260,1.57169
265,1.60991
270,1.56493
275,1.66675
280,1.61692
285,1.67497
290,1.61669
295,1.61763
300,1.74575
305,1.68927
310,1.70517
315,1.73093
320,1.73431
325,1.80185
330,1.79029
335,1.77211
340,1.79411
345,1.7344
350,1.75776
355,1.80995
360,1.82151
365,1.90503
370,1.98895
375,1.92623
380,1.91301
385,1.89018
390,2.0059
395,2.00025
400,2.00966
405,1.95487
410,2.04347
415,1.9926
420,2.00842
425,2.00654
430,1.99881
435,2.05695
440,2.02902
445,2.04649
450,2.02099
455,2.0898
460,2.068
465,2.09466
470,2.08389
475,1.99985
480,2.07421
485,2.16903
490,2.20356
495,2.09327
500,2.06638
505,2.01587
510,2.119
515,2.06199
520,2.07971
525,2.08537
530,2.18698
535,2.10556
540,2.12525
545,2.06955
550,2.06959
555,2.07422
560,1.95749
565,1.94999
570,1.94297
575,1.9055
580,1.88608
585,1.85834
590,1.86537
595,1.76389
600,1.81148
605,1.68597
610,1.79815
615,1.74661
620,1.63615
625,1.57446
630,1.5729
635,1.58908
640,1.5037
645,1.44992
650,1.44784
655,1.35592
660,1.32171
665,1.32554
670,1.2596
675,1.20261
680,1.11821
685,1.12637
690,1.10203
695,1.06672
700,1.03299
705,0.964569
710,0.91649
715,0.83112
720,0.808935
725,0.766026
730,0.741871
735,0.689001
740,0.676473
745,0.595673
750,0.597219
755,0.529382
760,0.519338
765,0.467207
770,0.417881
775,0.396634
780,0.361501
785,0.31707
790,0.304934
795,0.304012
800,0.255497
805,0.234796
810,0.208593
815,0.173389
820,0.157798
825,0.164619
830,0.126744
835,0.114095
840,0.104509
845,0.0964128
850,0.076926
855,0.0720254
860,0.0671468
865,0.0495695
870,0.0473951
875,0.0452594
880,0.0305739
885,0.0192219
890,0.0208057
895,0.0184768
900,0.0169812
905,0.0105629
910,0.0103035
915,0.00863135
920,0.00309603
925,0.00747241
930,0.00409492
935,0.0045585
940,0.00281457
945,0.00176049
950,0.00184879
955,0.000507726
960,0.000121413
965,0.00121965
970,0.000347682
975,0.000253863
980,0
985,0
990,0
995,0
1000,0
1005,0
1010,0
1015,0
1020,0
1025,0
1030,0
1035,0
1040,0
1045,0
1050,0
1055,0
1060,0
1065,0
1070,0
1075,0
1080,0
1085,0
1090,0
1095,0
1100,0
1105,0
1110,0
1115,0
1120,0
1125,0
1130,0
1135,0
1140,0
1145,0
1150,0
1155,0
1160,0
1165,0
1170,0
1175,0
1180,0
1185,0
1190,0
1195,0
1200,0
1205,0
1210,0
1215,0
1220,0
1225,0
1230,0
1235,0
1240,0
1245,0
1250,0
1255,0
1260,0
1265,0
1270,0
1275,0
1280,0
1285,0
1290,0
1295,0
1300,0
1305,0
1310,0
1315,0
1320,0
1325,0
1330,0
1335,0
1340,0
1345,0
1350,0
1355,0
1360,0
1365,0
1370,0
1375,0
1380,0
1385,0
1390,0
1395,0
1400,0
1405,0
1410,0
1415,0
1420,0
1425,0
1430,0
1435,0
1440,0
1445,0
1450,0
1455,0
1460,0
1465,0
1470,0
1475,0
1480,0
1485,0
1490,0
1495,0
