0,0
5,0
10,0
15,0
20,0
25,0
30,0
35,0
40,1.10375E-05
45,0
50,0
55,0
60,0
65,0
70,5.51876E-06
75,0
80,0
85,0
90,0
95,0
100,0
105,0
110,5.51876E-06
115,0
120,2.75938E-05
125,1.65563E-05
130,5.51876E-06
135,1.10375E-05
140,1.65563E-05
145,1.10375E-05
150,1.65563E-05
155,1.10375E-05
160,1.65563E-05
165,1.10375E-05
170,4.41501E-05
175,5.51876E-06
180,6.07064E-05
185,5.51876E-06
190,1.65563E-05
195,4.96689E-05
200,2.20751E-05
205,3.86313E-05
210,2.20751E-05
215,2.20751E-05
220,3.31126E-05
225,2.75938E-05
230,4.41501E-05
235,3.31126E-05
240,2.75938E-05
245,7.72627E-05
250,3.31126E-05
255,7.17439E-05
260,6.07064E-05
265,7.72627E-05
270,2.75938E-05
275,6.07064E-05
280,0.000104857
285,7.72627E-05
290,4.96689E-05
295,6.07064E-05
300,8.27815E-05
305,9.93377E-05
310,7.17439E-05
315,7.72627E-05
320,8.83002E-05
325,0.000104857
330,8.83002E-05
335,7.72627E-05
340,0.000149007
345,0.000149007
350,0.000160044
355,0.000171082
360,0.000126932
365,0.000115894
370,0.000220751
375,0.000209713
380,0.000143488
385,0.000143488
390,0.000237307
395,0.000193157
400,0.000204194
405,0.000231788
410,0.000253863
415,0.000281457
420,0.000281457
425,0.000264901
430,0.000353201
435,0.000264901
440,0.000364238
445,0.000298013
450,0.000303532
455,0.000331126
460,0.000336645
465,0.00040287
470,0.00040287
475,0.000413907
480,0.000480132
485,0.000419426
490,0.000369757
495,0.000551876
500,0.000430464
505,0.000463576
510,0.000480132
515,0.000452539
520,0.00053532
525,0.000502207
530,0.00053532
535,0.000673289
540,0.000584989
545,0.000800221
550,0.000645695
555,0.000745033
560,0.00071192
565,0.000805739
570,0.000717439
575,0.00071192
580,0.000811258
585,0.000761589
590,0.000756071
595,0.000767108
600,0.000811258
605,0.00084989
610,0.000689845
615,0.000833333
620,0.00089404
625,0.000728477
630,0.000722958
635,0.000921634
640,0.000927152
645,0.000722958
650,0.000833333
655,0.000860927
660,0.000673289
665,0.000888521
670,0.000750552
675,0.000877483
680,0.000728477
685,0.000722958
690,0.000778146
695,0.000844371
700,0.000789183
705,0.000722958
710,0.000761589
715,0.000772627
720,0.000689845
725,0.000651214
730,0.000728477
735,0.000651214
740,0.000562914
745,0.000629139
750,0.000513245
755,0.000524283
760,0.000640177
765,0.000524283
770,0.000524283
775,0.000562914
780,0.00040287
785,0.000375276
790,0.000419426
795,0.000342163
800,0.000347682
805,0.000325607
810,0.000281457
815,0.000342163
820,0.000209713
825,0.000165563
830,0.000298013
835,0.000149007
840,0.000160044
845,0.000110375
850,0.000182119
855,0.000198675
860,0.000143488
865,0.000121413
870,7.72627E-05
875,9.93377E-05
880,2.20751E-05
885,7.72627E-05
890,3.86313E-05
895,3.86313E-05
900,4.41501E-05
905,2.20751E-05
910,3.86313E-05
915,3.31126E-05
920,1.65563E-05
925,5.51876E-06
930,1.10375E-05
935,1.10375E-05
940,1.10375E-05
945,5.51876E-06
950,5.51876E-06
955,5.51876E-06
960,5.51876E-06
965,0
970,0
975,5.51876E-06
980,0
985,0
990,0
995,0
1000,0
1005,0
1010,0
1015,0
1020,0
1025,0
1030,0
1035,0
1040,0
1045,0
1050,0
1055,0
1060,0
1065,0
1070,0
1075,0
1080,0
1085,0
1090,0
1095,0
1100,0
1105,0
1110,0
1115,0
1120,0
1125,0
1130,0
1135,0
1140,0
1145,0
1150,0
1155,0
1160,0
1165,0
1170,0
1175,0
1180,0
1185,0
1190,0
1195,0
1200,0
1205,0
1210,0
1215,0
1220,0
1225,0
1230,0
1235,0
1240,0
1245,0
1250,0
1255,0
1260,0
1265,0
1270,0
1275,0
1280,0
1285,0
1290,0
1295,0
1300,0
1305,0
1310,0
1315,0
1320,0
1325,0
1330,0
1335,0
1340,0
1345,0
1350,0
1355,0
1360,0
1365,0
1370,0
1375,0
1380,0
1385,0
1390,0
1395,0
1400,0
1405,0
1410,0
1415,0
1420,0
1425,0
1430,0
1435,0
1440,0
1445,0
1450,0
1455,0
1460,0
1465,0
1470,0
1475,0
1480,0
1485,0
1490,0
1495,0
