0,0.000110375
1,0.000331126
2,0.000165563
3,0
4,0
5,0.000275938
6,5.51876E-05
7,0.000110375
8,5.51876E-05
9,0
10,0
11,0
12,5.51876E-05
13,0
14,0
15,0
16,0
17,5.51876E-05
18,0
19,0
20,0
21,0
22,0
23,0
24,0
25,0.000331126
26,0
27,0
28,0
29,0
30,0
31,0.328587
32,0
33,0
34,0
35,5.51876E-05
36,0
37,5.51876E-05
38,0
39,0
40,0.000110375
41,0
42,0
43,0.000165563
44,0.000220751
45,5.51876E-05
46,0.000386313
47,0.000386313
48,0
49,0
50,0.00104857
51,0.000551876
52,0
53,0
54,0
55,0.000386313
56,0
57,5.51876E-05
58,5.51876E-05
59,0.000441501
60,0.000607064
61,0.196192
62,0.152373
63,5.51876E-05
64,0
65,5.51876E-05
66,5.51876E-05
67,5.51876E-05
68,0.000165563
69,0
70,5.51876E-05
71,0
72,0
73,0
74,0.000220751
75,0
76,0
77,0.000165563
78,0.000110375
79,0
80,0
81,0
82,0
83,0
84,0.00562914
85,0.00259382
86,0.000110375
87,0.000331126
88,0.000607064
89,0.000441501
90,0.197406
91,0.12787
92,0.000165563
93,0
94,0
95,0
96,0
97,5.51876E-05
98,0.000275938
99,0
100,0
101,0.000110375
102,0.000220751
103,0.000165563
104,0
105,0.000165563
106,0.000441501
107,0.000110375
108,5.51876E-05
109,5.51876E-05
110,0.000551876
111,0.000331126
112,0.000275938
113,5.51876E-05
114,0.000551876
115,0.00137969
116,0.00093819
117,0.0147903
118,0.240121
119,0.0887969
120,0.000110375
121,0.000275938
122,5.51876E-05
123,0.000110375
124,0
125,0.000441501
126,0.000275938
127,0.000331126
128,0.000220751
129,0.000662252
130,5.51876E-05
131,0.000220751
132,0.000275938
133,0.000165563
134,0.000551876
135,0.00110375
136,5.51876E-05
137,0
138,0.000110375
139,0.000441501
140,0.000993377
141,0.00198675
142,0.00126932
143,0.0127483
144,0.0773731
145,0.167936
146,0.0169978
147,0.000220751
148,0.000110375
149,0.000110375
150,5.51876E-05
151,0.000386313
152,0
153,0.000110375
154,0.00960265
155,0.000110375
156,0.000275938
157,0.000275938
158,0.000220751
159,0.000165563
160,0.000331126
161,0.000220751
162,0.0013245
163,0.00165563
164,0.000165563
165,0.00171082
166,0.000496689
167,0.00171082
168,0.017936
169,0.0596026
170,0.144702
171,0.0817881
172,0.00645695
173,0.000386313
174,0.000331126
175,0.000441501
176,0.000110375
177,0.00171082
178,0.000772627
179,0.00165563
180,0.000827815
181,0.000331126
182,0.000772627
183,0.000386313
184,0.000551876
185,0.000772627
186,0.000441501
187,0.000551876
188,0.0031457
189,0.00215232
190,0.00231788
191,0.00143488
192,0.0181567
193,0.0298565
194,0.119868
195,0.0921634
196,0.044426
197,0.00513245
198,0.00137969
199,0.000275938
200,0.00149007
201,0.000662252
202,0.000717439
203,0.000386313
204,0.000386313
205,0.000110375
206,0.000275938
207,0.000551876
208,0.000551876
209,0.000496689
210,0.00093819
211,0.00160044
212,0.00264901
213,0.00209713
214,0.00435982
215,0.01766
216,0.031181
217,0.111589
218,0.0890177
219,0.0710265
220,0.0118102
221,0.00215232
222,0.000496689
223,0.000662252
224,0.000496689
225,0.00309051
226,0.000441501
227,0.00204194
228,0.000717439
229,0.000386313
230,0.000496689
231,0.00104857
232,0.00104857
233,0.000883002
234,0.00204194
235,0.00673289
236,0.0089404
237,0.0066777
238,0.0259382
239,0.063521
240,0.152704
241,0.100552
242,0.0360927
243,0.0195916
244,0.00264901
245,0.000386313
246,0.000551876
247,0.000386313
248,0.000275938
249,0.000717439
250,0.000993377
251,0.000607064
252,0.000827815
253,0.00860927
254,0.00093819
255,0.00143488
256,0.00237307
257,0.00375276
258,0.0093819
259,0.026766
260,0.0394592
261,0.0821744
262,0.0836093
263,0.0584437
264,0.016777
265,0.0139625
266,0.00932671
267,0.000772627
268,0.00154525
269,0.00253863
270,0.000386313
271,0.000993377
272,0.00198675
273,0.00226269
274,0.00171082
275,0.00198675
276,0.00568433
277,0.00253863
278,0.010872
279,0.0192053
280,0.035872
281,0.0578918
282,0.0817881
283,0.0756622
284,0.036755
285,0.0140177
286,0.0198124
287,0.00745033
288,0.00126932
289,0.00110375
290,0.00253863
291,0.00182119
292,0.00474614
293,0.00160044
294,0.00137969
295,0.00259382
296,0.0168322
297,0.00783664
298,0.00833333
299,0.043543
300,0.0435982
301,0.0476269
302,0.0549117
303,0.0350441
304,0.0275938
305,0.0259382
306,0.013245
307,0.00309051
308,0.00270419
309,0.00347682
310,0.00463576
311,0.001766
312,0.00871965
313,0.00242826
314,0.0035872
315,0.00458057
316,0.0053532
317,0.0187638
318,0.015011
319,0.0395695
320,0.0558499
321,0.0522075
322,0.0477373
323,0.0376932
324,0.0208057
325,0.0174945
326,0.00347682
327,0.00160044
328,0.00104857
329,0.00193157
330,0.00104857
331,0.00187638
332,0.0053532
333,0.0133002
334,0.00866446
335,0.0187638
336,0.035596
337,0.0314018
338,0.0539735
339,0.0589404
340,0.0494481
341,0.0387969
342,0.0208057
343,0.0140177
344,0.00607064
345,0.00700883
346,0.00573951
347,0.00540839
348,0.00320088
349,0.00386313
350,0.00860927
351,0.00656733
352,0.0161148
353,0.0339956
354,0.04117
355,0.032064
356,0.0421634
357,0.0597682
358,0.0317329
359,0.0465232
360,0.0148455
361,0.0242274
362,0.0161148
363,0.0118653
364,0.00237307
365,0.00805739
366,0.0168874
367,0.00684327
368,0.0131898
369,0.014404
370,0.0275386
371,0.0209713
372,0.0503311
373,0.0533664
374,0.0561258
375,0.0501656
376,0.0293046
377,0.0184327
378,0.0141832
379,0.0109272
380,0.0151214
381,0.00855408
382,0.00518764
383,0.00905077
384,0.0369757
385,0.0207506
386,0.0224614
387,0.0266556
388,0.0443157
389,0.0369757
390,0.0613687
391,0.0307395
392,0.0528698
393,0.0277042
394,0.0181015
395,0.0224614
396,0.0100442
397,0.00518764
398,0.0136313
399,0.0147903
400,0.0303532
401,0.0134658
402,0.0273731
403,0.0407837
404,0.0359272
405,0.041777
406,0.0441501
407,0.0353753
408,0.0291391
409,0.0300221
410,0.0171082
411,0.0156181
412,0.00965784
413,0.00943709
414,0.019702
415,0.019426
416,0.0298013
417,0.021468
418,0.0187086
419,0.0332781
420,0.0365894
421,0.0408389
422,0.0238962
423,0.0281457
424,0.0292494
425,0.0226821
426,0.0268764
427,0.0174393
428,0.0116446
429,0.0262693
430,0.015287
431,0.0378035
432,0.0284216
433,0.0286976
434,0.0475166
435,0.0524283
436,0.0355408
437,0.0539183
438,0.036755
439,0.0392936
440,0.0380243
441,0.0230684
442,0.0187086
443,0.024117
444,0.0145143
445,0.0222958
446,0.0330022
447,0.0209713
448,0.0400662
449,0.0451987
450,0.0298565
451,0.0368653
452,0.0321744
453,0.0263797
454,0.0337196
455,0.0246137
456,0.031457
457,0.0293598
458,0.0325607
459,0.030298
460,0.0388521
461,0.0352649
462,0.0365894
463,0.0368102
464,0.0469095
465,0.0307395
466,0.0405077
467,0.0274283
468,0.0263797
469,0.0286976
470,0.0269868
471,0.0270419
472,0.0308499
473,0.0445364
474,0.0371965
475,0.0384658
476,0.0373068
477,0.0352649
478,0.0303532
479,0.033223
480,0.0289735
481,0.0326711
482,0.0289183
483,0.0298013
484,0.0248344
485,0.0270419
486,0.0267108
487,0.0423289
488,0.0368102
489,0.0336645
490,0.0377483
491,0.0373068
492,0.032064
493,0.0346026
494,0.0266004
495,0.0354857
496,0.0337748
497,0.0337748
498,0.034713
499,0.0328918
500,0.0551876
501,0.0458609
502,0.0529249
503,0.0331678
504,0.0589956
505,0.0272627
506,0.0398455
507,0.0432119
508,0.039404
509,0.0363135
510,0.0336645
511,0.0331126
512,0.0653974
513,0.0443157
514,0.0383554
515,0.037362
516,0.0416115
517,0.0434879
518,0.0395143
519,0.0376932
520,0.0498896
521,0.0309603
522,0.0584437
523,0.045309
524,0.0441501
525,0.0424945
526,0.0424393
527,0.0674393
528,0.0500552
529,0.0336093
530,0.0518764
531,0.0614238
532,0.0538079
533,0.0469095
534,0.0394592
535,0.047351
536,0.0369757
537,0.0449227
538,0.043819
539,0.037638
540,0.0354857
541,0.0408389
542,0.0456954
543,0.0480684
544,0.0455298
545,0.0480684
546,0.0454746
547,0.0466336
548,0.0481236
549,0.0466887
550,0.0586093
551,0.0454194
552,0.0636313
553,0.0412804
554,0.0520419
555,0.0603201
556,0.0529801
557,0.0450883
558,0.064404
559,0.054415
560,0.0545806
561,0.0593819
562,0.0678256
563,0.0532009
564,0.0514901
565,0.0447572
566,0.0539735
567,0.0520971
568,0.0563466
569,0.050883
570,0.0561258
571,0.0719647
572,0.0513797
573,0.0541391
574,0.0415563
575,0.0533664
576,0.0511589
577,0.0613135
578,0.0708609
579,0.0584437
580,0.0584989
581,0.0559051
582,0.0565673
583,0.0567881
584,0.0720199
585,0.0584989
586,0.0599338
587,0.0615894
588,0.0669426
589,0.0631347
590,0.0834989
591,0.0584437
592,0.0753311
593,0.0586645
594,0.0695364
595,0.0616998
596,0.0643488
597,0.0758278
598,0.0662252
599,0.0511038
600,0.0501104
601,0.082947
602,0.0729029
603,0.0676049
604,0.0596026
605,0.0697572
606,0.0693157
607,0.0665563
608,0.05734
609,0.0607616
610,0.0808499
611,0.0762141
612,0.0751656
613,0.0656181
614,0.0817329
615,0.0789735
616,0.0628035
617,0.0745033
618,0.0716336
619,0.0650662
620,0.0856512
621,0.0756622
622,0.0849338
623,0.0877483
624,0.0816777
625,0.0764901
626,0.0693709
627,0.0774283
628,0.0834437
629,0.0754415
630,0.0833333
631,0.0879691
632,0.0830022
633,0.0735099
634,0.0753311
635,0.0825607
636,0.0958609
637,0.105684
638,0.0852097
639,0.0955298
640,0.0888521
641,0.0900662
642,0.0892936
643,0.0763245
644,0.100717
645,0.0868653
646,0.0941501
647,0.0915011
648,0.0857616
649,0.0961369
650,0.0905629
651,0.0939845
652,0.0931015
653,0.0966887
654,0.0987307
655,0.0905629
656,0.0959161
657,0.0946468
658,0.0966336
659,0.0978477
660,0.0960265
661,0.0998344
662,0.102208
663,0.0808499
664,0.100662
665,0.086479
666,0.095309
667,0.122792
668,0.104636
669,0.0886865
670,0.0947572
671,0.103091
672,0.105188
673,0.112362
674,0.103863
675,0.10894
676,0.104305
677,0.098234
678,0.0929912
679,0.0959713
680,0.112031
681,0.109492
682,0.116998
683,0.115563
684,0.109934
685,0.109051
686,0.114404
687,0.109879
688,0.131623
689,0.116501
690,0.118377
691,0.106071
692,0.114459
693,0.113024
694,0.116777
695,0.12213
696,0.109382
697,0.121744
698,0.118543
699,0.13096
700,0.111755
701,0.103753
702,0.1117
703,0.130905
704,0.112914
705,0.116004
706,0.133664
707,0.13819
708,0.122406
709,0.120199
710,0.122572
711,0.116225
712,0.1266
713,0.129967
714,0.137252
715,0.132395
716,0.114128
717,0.127152
718,0.130684
719,0.127483
720,0.125883
721,0.13096
722,0.119868
723,0.139625
724,0.135706
725,0.119371
726,0.130188
727,0.123124
728,0.134327
729,0.130519
730,0.134437
731,0.11457
732,0.13532
733,0.113907
734,0.128753
735,0.128642
736,0.127483
737,0.125552
738,0.119868
739,0.133223
740,0.118764
741,0.122682
742,0.12638
743,0.117881
744,0.11319
745,0.122185
746,0.119592
747,0.11915
748,0.111976
749,0.115066
750,0.124393
751,0.115453
752,0.115949
753,0.116998
754,0.109547
755,0.126269
756,0.122627
757,0.12053
758,0.122958
759,0.121026
760,0.106678
761,0.0993377
762,0.1133
763,0.12351
764,0.101766
765,0.103422
766,0.106567
767,0.104967
768,0.101656
769,0.0970199
770,0.10574
771,0.0853753
772,0.0981236
773,0.0947572
774,0.0902318
775,0.0936534
776,0.09117
777,0.0837748
778,0.0780353
779,0.0741722
780,0.0791943
781,0.0851545
782,0.0706954
783,0.0742826
784,0.0807947
785,0.0799117
786,0.0667218
787,0.0671634
788,0.0645695
789,0.05883
790,0.0621965
791,0.059106
792,0.0594371
793,0.0589956
794,0.0545254
795,0.0571192
796,0.0510486
797,0.0465784
798,0.0439845
799,0.0476821
800,0.0471302
801,0.0433775
802,0.0394592
803,0.036755
804,0.036755
805,0.0365342
806,0.03234
807,0.0301325
808,0.0268212
809,0.0278146
810,0.0208609
811,0.0228477
812,0.0261038
813,0.0175497
814,0.0210265
815,0.0202539
816,0.0177152
817,0.0199779
818,0.0157285
819,0.017053
820,0.0173289
821,0.0137417
822,0.0115342
823,0.0114238
824,0.0113135
825,0.0104857
826,0.012362
827,0.0100993
828,0.0101545
829,0.0101545
830,0.00750552
831,0.00910596
832,0.00750552
833,0.00601545
834,0.00546358
835,0.00364238
836,0.00364238
837,0.00435982
838,0.00259382
839,0.00474614
840,0.00264901
841,0.00215232
842,0.00154525
843,0.00226269
844,0.00171082
845,0.00160044
846,0.00204194
847,0.00204194
848,0.00137969
849,0.00093819
850,0.00121413
851,0.00160044
852,0.000827815
853,0.000551876
854,0.000662252
855,0.000883002
856,0.000441501
857,0.000220751
858,0.000331126
859,0.000331126
860,0.000220751
861,0.000165563
862,0.000110375
863,0.000165563
864,5.51876E-05
865,5.51876E-05
866,5.51876E-05
867,0
868,5.51876E-05
869,0
870,5.51876E-05
871,0
872,5.51876E-05
873,5.51876E-05
874,0.000275938
875,5.51876E-05
876,5.51876E-05
877,0.000165563
878,0.000275938
879,0
880,0
881,0
882,0
883,0
884,0
885,0
886,0
887,0
888,0
889,0
890,0
891,0
892,0
893,0
894,0
895,0
896,0
897,0
898,0
899,0
900,0
901,0
902,0
903,0
904,0
905,0
906,0
907,0
908,0
909,0
910,0
911,0
912,0
913,0
914,0
915,0
916,0
917,0
918,0
919,0
920,0
921,0
922,0
923,0
924,0
925,0
926,0
927,0
928,0
929,0
930,0
931,0
932,0
933,0
934,0
935,0
936,0
937,0
938,0
939,0
940,0
941,0
942,0
943,0
944,0
945,0
946,0
947,0
948,0
949,0
950,0
951,0
952,0
953,0
954,0
955,0
956,0
957,0
958,0
959,0
960,0
961,0
962,0
963,0
964,0
965,0
966,0
967,0
968,0
969,0
970,0
971,0
972,0
973,0
974,0
975,0
976,0
977,0
978,0
979,0
980,0
981,0
982,0
983,0
984,0
985,0
986,0
987,0
988,0
989,0
990,0
991,0
992,0
993,0
994,0
995,0
996,0
997,0
998,0
999,0
